plot_ID,SITE,line,genotype,location,variety,lib_ID,Index combination,i5,i7
B1006,BFL,ABI.1.G3,ABI1,CenTex,Panicum hallii var. hallii,PD10-1,TruSeq_Un1+TSBC03,ATCACG,GCCTAA
B1512,BFL,ABI.1.G3,ABI1,CenTex,Panicum hallii var. hallii,PD14-10,TruSeq_Un2+TSBC08,ACTTGA,TCAAGT
B1631,BFL,ABI.1.G3,ABI1,CenTex,Panicum hallii var. hallii,PD14-15,TruSeq_Un2+TSBC35,ACTTGA,CATTTT
K1808,KINGS,ABI.1.G3,ABI1,CenTex,Panicum hallii var. hallii,PD11-9,TruSeq_Un2+TSBC03,ACTTGA,GCCTAA
K2116,KINGS,ABI.1.G3,ABI1,CenTex,Panicum hallii var. hallii,PD17-24,TruSeq_Un4+TSBC03,GGCTAC,GCCTAA
K2616,KINGS,ABI.1.G3,ABI1,CenTex,Panicum hallii var. hallii,PD13-26,TruSeq_Un4+TSBC08,GGCTAC,TCAAGT
B1117,BFL,ALD.1.G1,ALD1,Mexico,Panicum hallii var. filipes,PD10-9,TruSeq_Un2+TSBC03,ACTTGA,GCCTAA
B1128,BFL,ALD.1.G1,ALD1,Mexico,Panicum hallii var. filipes,PD10-12,TruSeq_Un2+TSBC19,ACTTGA,GTGAAA
B1724,BFL,ALD.1.G1,ALD1,Mexico,Panicum hallii var. filipes,PD14-17,TruSeq_Un3+TSBC03,TAGCTT,GCCTAA
B1724,BFL,ALD.1.G1,ALD1,Mexico,Panicum hallii var. filipes,PD23-4,TruSeq_Un1+TSBC19,ATCACG,GTGAAA
K1313,KINGS,ALD.1.G1,ALD1,Mexico,Panicum hallii var. filipes,PD12-26,TruSeq_Un4+TSBC08,GGCTAC,TCAAGT
K1803,KINGS,ALD.1.G1,ALD1,Mexico,Panicum hallii var. filipes,PD11-8,TruSeq_Un1+TSBC39,ATCACG,CTATAC
K2206,KINGS,ALD.1.G1,ALD1,Mexico,Panicum hallii var. filipes,PD13-6,TruSeq_Un1+TSBC22,ATCACG,CGTACG
B1135,BFL,ALI.4.G1,ALI4,West,Panicum hallii var. hallii,PD10-13,TruSeq_Un2+TSBC21,ACTTGA,GTTTCG
B1413,BFL,ALI.4.G1,ALI4,West,Panicum hallii var. hallii,PD14-2,TruSeq_Un1+TSBC08,ATCACG,TCAAGT
B1525,BFL,ALI.4.G1,ALI4,West,Panicum hallii var. hallii,PD21-17,TruSeq_Un3+TSBC03,TAGCTT,GCCTAA
K1406,KINGS,ALI.4.G1,ALI4,West,Panicum hallii var. hallii,PD12-29,TruSeq_Un4+TSBC21,GGCTAC,GTTTCG
K2001,KINGS,ALI.4.G1,ALI4,West,Panicum hallii var. hallii,PD11-23,TruSeq_Un3+TSBC35,TAGCTT,CATTTT
K2312,KINGS,ALI.4.G1,ALI4,West,Panicum hallii var. hallii,PD13-13,TruSeq_Un2+TSBC21,ACTTGA,GTTTCG
B1140,BFL,ARA.1.G1,ARA1,Coa&inl,Panicum hallii var. filipes,PD10-14,TruSeq_Un2+TSBC22,ACTTGA,CGTACG
B1404,BFL,ARA.1.G1,ARA1,Coa&inl,Panicum hallii var. filipes,PD10-30,TruSeq_Un4+TSBC22,GGCTAC,CGTACG
B1514,BFL,ARA.1.G1,ARA1,Coa&inl,Panicum hallii var. filipes,PD21-9,TruSeq_Un2+TSBC03,ACTTGA,GCCTAA
K2109,KINGS,ARA.1.G1,ARA1,Coa&inl,Panicum hallii var. filipes,PD13-3,TruSeq_Un1+TSBC16,ATCACG,GGACGG
K2506,KINGS,ARA.1.G1,ARA1,Coa&inl,Panicum hallii var. filipes,PD13-17,TruSeq_Un3+TSBC03,TAGCTT,GCCTAA
K2702,KINGS,ARA.1.G1,ARA1,Coa&inl,Panicum hallii var. filipes,PD13-27,TruSeq_Un4+TSBC16,GGCTAC,GGACGG
B1133,BFL,ARB.1.G2,ARB1,CenTex,Panicum hallii var. hallii,PD1-21,TruSeq_Un3+TSBC21,TAGCTT,GTTTCG
B1402,BFL,ARB.1.G2,ARB1,CenTex,Panicum hallii var. hallii,PD1-22,TruSeq_Un3+TSBC22,TAGCTT,CGTACG
B1416,BFL,ARB.1.G2,ARB1,CenTex,Panicum hallii var. hallii,PD1-23,TruSeq_Un3+TSBC35,TAGCTT,CATTTT
BS1133,BFL_2,ARB.1.G2,ARB1,CenTex,Panicum hallii var. hallii,PD1-1,TruSeq_Un1+TSBC03,ATCACG,GCCTAA
BS1402,BFL_2,ARB.1.G2,ARB1,CenTex,Panicum hallii var. hallii,PD1-2,TruSeq_Un1+TSBC08,ATCACG,TCAAGT
BS1416,BFL_2,ARB.1.G2,ARB1,CenTex,Panicum hallii var. hallii,PD1-3,TruSeq_Un1+TSBC16,ATCACG,GGACGG
K1306,KINGS,ARB.1.G2,ARB1,CenTex,Panicum hallii var. hallii,PD1-11,TruSeq_Un2+TSBC16,ACTTGA,GGACGG
K1311,KINGS,ARB.1.G2,ARB1,CenTex,Panicum hallii var. hallii,PD1-12,TruSeq_Un2+TSBC19,ACTTGA,GTGAAA
K2609,KINGS,ARB.1.G2,ARB1,CenTex,Panicum hallii var. hallii,PD1-13,TruSeq_Un2+TSBC21,ACTTGA,GTTTCG
B1225,BFL,ARR.1A.G2,ARR1A,West,Panicum hallii var. hallii,PD10-19,TruSeq_Un3+TSBC16,TAGCTT,GGACGG
B1239,BFL,ARR.1A.G2,ARR1A,West,Panicum hallii var. hallii,PD10-21,TruSeq_Un3+TSBC21,TAGCTT,GTTTCG
B1334,BFL,ARR.1A.G2,ARR1A,West,Panicum hallii var. hallii,PD10-28,TruSeq_Un4+TSBC19,GGCTAC,GTGAAA
K1611,KINGS,ARR.1A.G2,ARR1A,West,Panicum hallii var. hallii,PD11-5,TruSeq_Un1+TSBC21,ATCACG,GTTTCG
K1810,KINGS,ARR.1A.G2,ARR1A,West,Panicum hallii var. hallii,PD11-10,TruSeq_Un2+TSBC08,ACTTGA,TCAAGT
K2717,KINGS,ARR.1A.G2,ARR1A,West,Panicum hallii var. hallii,PD25-21,TruSeq_Un3+TSBC21,TAGCTT,GTTTCG
K2717(2),KINGS,ARR.1A.G2,ARR1A,West,Panicum hallii var. hallii,PD25-22,TruSeq_Un3+TSBC22,TAGCTT,CGTACG
B1036,BFL,ART.1.G2,ART1,West,Panicum hallii var. hallii,PD10-5,TruSeq_Un1+TSBC21,ATCACG,GTTTCG
B1210,BFL,ART.1.G2,ART1,West,Panicum hallii var. hallii,PD10-16,TruSeq_Un2+TSBC39,ACTTGA,CTATAC
B1224,BFL,ART.1.G2,ART1,West,Panicum hallii var. hallii,PD10-18,TruSeq_Un3+TSBC08,TAGCTT,TCAAGT
K1005,KINGS,ART.1.G2,ART1,West,Panicum hallii var. hallii,PD12-3,TruSeq_Un1+TSBC16,ATCACG,GGACGG
K1116,KINGS,ART.1.G2,ART1,West,Panicum hallii var. hallii,PD15-6,TruSeq_Un1+TSBC22,ATCACG,CGTACG
K1814,KINGS,ART.1.G2,ART1,West,Panicum hallii var. hallii,PD11-11,TruSeq_Un2+TSBC16,ACTTGA,GGACGG
B1220,BFL,ATA.1.G1,ATA1,TexMex,Panicum hallii var. hallii,PD10-17,TruSeq_Un3+TSBC03,TAGCTT,GCCTAA
B1605,BFL,ATA.1.G1,ATA1,TexMex,Panicum hallii var. hallii,PD21-30,TruSeq_Un4+TSBC22,GGCTAC,CGTACG
B1736,BFL,ATA.1.G1,ATA1,TexMex,Panicum hallii var. hallii,PD14-20,TruSeq_Un3+TSBC19,TAGCTT,GTGAAA
K2008,KINGS,ATA.1.G1,ATA1,TexMex,Panicum hallii var. hallii,PD11-26,TruSeq_Un4+TSBC08,GGCTAC,TCAAGT
K2210,KINGS,ATA.1.G1,ATA1,TexMex,Panicum hallii var. hallii,PD13-8,TruSeq_Un1+TSBC39,ATCACG,CTATAC
K2317,KINGS,ATA.1.G1,ATA1,TexMex,Panicum hallii var. hallii,PD13-14,TruSeq_Un2+TSBC22,ACTTGA,CGTACG
B1012,BFL,AWR.1.G1,AWR1,Coa&inl,Panicum hallii var. filipes,PD10-2,TruSeq_Un1+TSBC08,ATCACG,TCAAGT
B1513,BFL,AWR.1.G1,AWR1,Coa&inl,Panicum hallii var. filipes,PD14-11,TruSeq_Un2+TSBC16,ACTTGA,GGACGG
B1740,BFL,AWR.1.G1,AWR1,Coa&inl,Panicum hallii var. filipes,PD23-12,TruSeq_Un2+TSBC19,ACTTGA,GTGAAA
K1501,KINGS,AWR.1.G1,AWR1,Coa&inl,Panicum hallii var. filipes,PD15-27,TruSeq_Un4+TSBC16,GGCTAC,GGACGG
K1908,KINGS,AWR.1.G1,AWR1,Coa&inl,Panicum hallii var. filipes,PD11-16,TruSeq_Un2+TSBC39,ACTTGA,CTATAC
K2310,KINGS,AWR.1.G1,AWR1,Coa&inl,Panicum hallii var. filipes,PD13-12,TruSeq_Un2+TSBC19,ACTTGA,GTGAAA
B1309,BFL,BAN.17.G1,BAN17,CenTex,Panicum hallii var. hallii,PD10-23,TruSeq_Un3+TSBC35,TAGCTT,CATTTT
B1517,BFL,BAN.17.G1,BAN17,CenTex,Panicum hallii var. hallii,PD21-12,TruSeq_Un2+TSBC19,ACTTGA,GTGAAA
B1704,BFL,BAN.17.G1,BAN17,CenTex,Panicum hallii var. hallii,PD22-22,TruSeq_Un3+TSBC22,TAGCTT,CGTACG
K2307,KINGS,BAN.17.G1,BAN17,CenTex,Panicum hallii var. hallii,PD13-11,TruSeq_Un2+TSBC16,ACTTGA,GGACGG
K2407,KINGS,BAN.17.G1,BAN17,CenTex,Panicum hallii var. hallii,PD13-15,TruSeq_Un2+TSBC35,ACTTGA,CATTTT
K2602,KINGS,BAN.17.G1,BAN17,CenTex,Panicum hallii var. hallii,PD13-23,TruSeq_Un3+TSBC35,TAGCTT,CATTTT
B1118,BFL,BBD.5.G1,BBD5,TexMex,Panicum hallii var. hallii,PD10-10,TruSeq_Un2+TSBC08,ACTTGA,TCAAGT
B1408,BFL,BBD.5.G1,BBD5,TexMex,Panicum hallii var. hallii,PD14-1,TruSeq_Un1+TSBC03,ATCACG,GCCTAA
B1636,BFL,BBD.5.G1,BBD5,TexMex,Panicum hallii var. hallii,PD22-16,TruSeq_Un2+TSBC39,ACTTGA,CTATAC
K1314,KINGS,BBD.5.G1,BBD5,TexMex,Panicum hallii var. hallii,PD12-27,TruSeq_Un4+TSBC16,GGCTAC,GGACGG
K1409,KINGS,BBD.5.G1,BBD5,TexMex,Panicum hallii var. hallii,PD12-30,TruSeq_Un4+TSBC22,GGCTAC,CGTACG
K2004,KINGS,BBD.5.G1,BBD5,TexMex,Panicum hallii var. hallii,PD11-24,TruSeq_Un3+TSBC39,TAGCTT,CTATAC
B1114,BFL,BBF.5.G1,BBF5,TexMex,Panicum hallii var. hallii,PD1-24,TruSeq_Un3+TSBC39,TAGCTT,CTATAC
B1303,BFL,BBF.5.G1,BBF5,TexMex,Panicum hallii var. hallii,PD1-25,TruSeq_Un4+TSBC03,GGCTAC,GCCTAA
B1406,BFL,BBF.5.G1,BBF5,TexMex,Panicum hallii var. hallii,PD1-26,TruSeq_Un4+TSBC08,GGCTAC,TCAAGT
BS1114,BFL_2,BBF.5.G1,BBF5,TexMex,Panicum hallii var. hallii,PD1-4,TruSeq_Un1+TSBC19,ATCACG,GTGAAA
BS1303,BFL_2,BBF.5.G1,BBF5,TexMex,Panicum hallii var. hallii,PD1-5,TruSeq_Un1+TSBC21,ATCACG,GTTTCG
BS1406,BFL_2,BBF.5.G1,BBF5,TexMex,Panicum hallii var. hallii,PD1-6,TruSeq_Un1+TSBC22,ATCACG,CGTACG
K1417,KINGS,BBF.5.G1,BBF5,TexMex,Panicum hallii var. hallii,PD1-14,TruSeq_Un2+TSBC22,ACTTGA,CGTACG
K1907,KINGS,BBF.5.G1,BBF5,TexMex,Panicum hallii var. hallii,PD1-15,TruSeq_Un2+TSBC35,ACTTGA,CATTTT
K2205,KINGS,BBF.5.G1,BBF5,TexMex,Panicum hallii var. hallii,PD1-16,TruSeq_Un2+TSBC39,ACTTGA,CTATAC
B1127,BFL,BEE.1A.G3,BEE1A,Sym,Panicum hallii var. hallii,PD1-27,TruSeq_Un4+TSBC16,GGCTAC,GGACGG
B1205,BFL,BEE.1A.G3,BEE1A,Sym,Panicum hallii var. hallii,PD1-28,TruSeq_Un4+TSBC19,GGCTAC,GTGAAA
B1307,BFL,BEE.1A.G3,BEE1A,Sym,Panicum hallii var. hallii,PD1-29,TruSeq_Un4+TSBC21,GGCTAC,GTTTCG
BS1127,BFL_2,BEE.1A.G3,BEE1A,Sym,Panicum hallii var. hallii,PD1-7,TruSeq_Un1+TSBC35,ATCACG,CATTTT
BS1205,BFL_2,BEE.1A.G3,BEE1A,Sym,Panicum hallii var. hallii,PD1-8,TruSeq_Un1+TSBC39,ATCACG,CTATAC
BS1307,BFL_2,BEE.1A.G3,BEE1A,Sym,Panicum hallii var. hallii,PD1-9,TruSeq_Un2+TSBC03,ACTTGA,GCCTAA
K1401,KINGS,BEE.1A.G3,BEE1A,Sym,Panicum hallii var. hallii,PD1-17,TruSeq_Un3+TSBC03,TAGCTT,GCCTAA
K2211,KINGS,BEE.1A.G3,BEE1A,Sym,Panicum hallii var. hallii,PD1-18,TruSeq_Un3+TSBC08,TAGCTT,TCAAGT
K2513,KINGS,BEE.1A.G3,BEE1A,Sym,Panicum hallii var. hallii,PD1-19,TruSeq_Un3+TSBC16,TAGCTT,GGACGG
B1107,BFL,BEL.3.G1,BEL3,CenTex,Panicum hallii var. hallii,PD10-7,TruSeq_Un1+TSBC35,ATCACG,CATTTT
B1441,BFL,BEL.3.G1,BEL3,CenTex,Panicum hallii var. hallii,PD14-8,TruSeq_Un1+TSBC39,ATCACG,CTATAC
B1532,BFL,BEL.3.G1,BEL3,CenTex,Panicum hallii var. hallii,PD14-12,TruSeq_Un2+TSBC19,ACTTGA,GTGAAA
K1115,KINGS,BEL.3.G1,BEL3,CenTex,Panicum hallii var. hallii,PD12-16,TruSeq_Un2+TSBC39,ACTTGA,CTATAC
K2014,KINGS,BEL.3.G1,BEL3,CenTex,Panicum hallii var. hallii,PD17-16,TruSeq_Un3+TSBC03,TAGCTT,GCCTAA
K2217,KINGS,BEL.3.G1,BEL3,CenTex,Panicum hallii var. hallii,PD13-9,TruSeq_Un2+TSBC03,ACTTGA,GCCTAA
B1013,BFL,BEX.14.G1,BEX14,CenTex,Panicum hallii var. hallii,PD10-3,TruSeq_Un1+TSBC16,ATCACG,GGACGG
B1125,BFL,BEX.14.G1,BEX14,CenTex,Panicum hallii var. hallii,PD10-11,TruSeq_Un2+TSBC16,ACTTGA,GGACGG
B1320,BFL,BEX.14.G1,BEX14,CenTex,Panicum hallii var. hallii,PD10-25,TruSeq_Un4+TSBC03,GGCTAC,GCCTAA
K1605,KINGS,BEX.14.G1,BEX14,CenTex,Panicum hallii var. hallii,PD11-3,TruSeq_Un1+TSBC16,ATCACG,GGACGG
K2013,KINGS,BEX.14.G1,BEX14,CenTex,Panicum hallii var. hallii,PD11-27,TruSeq_Un4+TSBC16,GGCTAC,GGACGG
K2704,KINGS,BEX.14.G1,BEX14,CenTex,Panicum hallii var. hallii,PD13-29,TruSeq_Un4+TSBC21,GGCTAC,GTTTCG
B1341,BFL,BME.2.G1,BME2,West,Panicum hallii var. hallii,PD7-24,TruSeq_Un1+JLBC42,TAGCTT,TAATCG
B1412,BFL,BME.2.G1,BME2,West,Panicum hallii var. hallii,PD7-25,TruSeq_Un4+TSBC03,GGCTAC,GCCTAA
B1428,BFL,BME.2.G1,BME2,West,Panicum hallii var. hallii,PD7-26,TruSeq_Un4+TSBC16,GGCTAC,GGACGG
BS1412,BFL_2,BME.2.G1,BME2,West,Panicum hallii var. hallii,PD7-4,TruSeq_Un1+TSBC21,ATCACG,GTTTCG
BS1428,BFL_2,BME.2.G1,BME2,West,Panicum hallii var. hallii,PD7-5,TruSeq_Un1+TSBC22,ATCACG,CGTACG
k1212,KINGS,BME.2.G1,BME2,West,Panicum hallii var. hallii,PD7-13,TruSeq_Un2+TSBC22,ACTTGA,CGTACG
k2118,KINGS,BME.2.G1,BME2,West,Panicum hallii var. hallii,PD7-14,TruSeq_Un2+TSBC35,ACTTGA,CATTTT
K2812,KINGS,BME.2.G1,BME2,West,Panicum hallii var. hallii,PD7-15,TruSeq_Un2+TSBC39,ACTTGA,CTATAC
B1327,BFL,BOS.3.G1,BOS3,West,Panicum hallii var. hallii,PD10-27,TruSeq_Un4+TSBC16,GGCTAC,GGACGG
B1602,BFL,BOS.3.G1,BOS3,West,Panicum hallii var. hallii,PD21-28,TruSeq_Un4+TSBC19,GGCTAC,GTGAAA
B1729,BFL,BOS.3.G1,BOS3,West,Panicum hallii var. hallii,PD14-18,TruSeq_Un3+TSBC08,TAGCTT,TCAAGT
K1113,KINGS,BOS.3.G1,BOS3,West,Panicum hallii var. hallii,PD12-15,TruSeq_Un2+TSBC35,ACTTGA,CATTTT
K2016,KINGS,BOS.3.G1,BOS3,West,Panicum hallii var. hallii,PD11-28,TruSeq_Un4+TSBC19,GGCTAC,GTGAAA
K2207,KINGS,BOS.3.G1,BOS3,West,Panicum hallii var. hallii,PD13-7,TruSeq_Un1+TSBC35,ATCACG,CATTTT
B1108,BFL,BUR.8.G1,BUR8,Sym,Panicum hallii var. hallii,PD5-21,TruSeq_Un3+TSBC21,TAGCTT,GTTTCG
B1533,BFL,BUR.8.G1,BUR8,Sym,Panicum hallii var. hallii,PD5-22,TruSeq_Un3+TSBC22,TAGCTT,CGTACG
B1633,BFL,BUR.8.G1,BUR8,Sym,Panicum hallii var. hallii,PD5-23,TruSeq_Un3+TSBC35,TAGCTT,CATTTT
BS1108,BFL_2,BUR.8.G1,BUR8,Sym,Panicum hallii var. hallii,PD5-1,TruSeq_Un1+TSBC03,ATCACG,GCCTAA
BS1533,BFL_2,BUR.8.G1,BUR8,Sym,Panicum hallii var. hallii,PD5-2,TruSeq_Un1+TSBC08,ATCACG,TCAAGT
BS1633,BFL_2,BUR.8.G1,BUR8,Sym,Panicum hallii var. hallii,PD5-3,TruSeq_Un1+TSBC16,ATCACG,GGACGG
K1304,KINGS,BUR.8.G1,BUR8,Sym,Panicum hallii var. hallii,PD5-11,TruSeq_Un2+TSBC16,ACTTGA,GGACGG
K2111,KINGS,BUR.8.G1,BUR8,Sym,Panicum hallii var. hallii,PD5-12,TruSeq_Un2+TSBC19,ACTTGA,GTGAAA
K2318,KINGS,BUR.8.G1,BUR8,Sym,Panicum hallii var. hallii,PD5-13,TruSeq_Un2+TSBC21,ACTTGA,GTTTCG
B1317,BFL,BUS.3.G1,BUS3,West,Panicum hallii var. hallii,PD10-24,TruSeq_Un3+TSBC39,TAGCTT,CTATAC
B1439,BFL,BUS.3.G1,BUS3,West,Panicum hallii var. hallii,PD14-6,TruSeq_Un1+TSBC22,ATCACG,CGTACG
B1623,BFL,BUS.3.G1,BUS3,West,Panicum hallii var. hallii,PD14-14,TruSeq_Un2+TSBC22,ACTTGA,CGTACG
K1104,KINGS,BUS.3.G1,BUS3,West,Panicum hallii var. hallii,PD12-13,TruSeq_Un2+TSBC21,ACTTGA,GTTTCG
K1104(2),KINGS,BUS.3.G1,BUS3,West,Panicum hallii var. hallii,PD24-12,TruSeq_Un2+TSBC19,ACTTGA,GTGAAA
K2507,KINGS,BUS.3.G1,BUS3,West,Panicum hallii var. hallii,PD13-18,TruSeq_Un3+TSBC08,TAGCTT,TCAAGT
K2516,KINGS,BUS.3.G1,BUS3,West,Panicum hallii var. hallii,PD13-20,TruSeq_Un3+TSBC19,TAGCTT,GTGAAA
B1324,BFL,CAM.1.G1,CAM1,Coa&inl,Panicum hallii var. filipes,PD10-26,TruSeq_Un4+TSBC08,GGCTAC,TCAAGT
B1501,BFL,CAM.1.G1,CAM1,Coa&inl,Panicum hallii var. filipes,PD14-9,TruSeq_Un2+TSBC03,ACTTGA,GCCTAA
B1612,BFL,CAM.1.G1,CAM1,Coa&inl,Panicum hallii var. filipes,PD14-13,TruSeq_Un2+TSBC21,ACTTGA,GTTTCG
K1614,KINGS,CAM.1.G1,CAM1,Coa&inl,Panicum hallii var. filipes,PD11-6,TruSeq_Un1+TSBC22,ATCACG,CGTACG
K2414,KINGS,CAM.1.G1,CAM1,Coa&inl,Panicum hallii var. filipes,PD13-16,TruSeq_Un2+TSBC39,ACTTGA,CTATAC
K2601,KINGS,CAM.1.G1,CAM1,Coa&inl,Panicum hallii var. filipes,PD13-22,TruSeq_Un3+TSBC22,TAGCTT,CGTACG
B1207,BFL,CBS.6.G1,CBS6,CenTex,Panicum hallii var. hallii,PD4-27,TruSeq_Un4+TSBC16,GGCTAC,GGACGG
B1332,BFL,CBS.6.G1,CBS6,CenTex,Panicum hallii var. hallii,PD4-28,TruSeq_Un4+TSBC19,GGCTAC,GTGAAA
B1634,BFL,CBS.6.G1,CBS6,CenTex,Panicum hallii var. hallii,PD4-29,TruSeq_Un4+TSBC21,GGCTAC,GTTTCG
BS1207,BFL_2,CBS.6.G1,CBS6,CenTex,Panicum hallii var. hallii,PD4-7,TruSeq_Un1+TSBC35,ATCACG,CATTTT
BS1332,BFL_2,CBS.6.G1,CBS6,CenTex,Panicum hallii var. hallii,PD4-8,TruSeq_Un1+TSBC39,ATCACG,CTATAC
BS1634,BFL_2,CBS.6.G1,CBS6,CenTex,Panicum hallii var. hallii,PD4-9,TruSeq_Un2+TSBC03,ACTTGA,GCCTAA
K2415,KINGS,CBS.6.G1,CBS6,CenTex,Panicum hallii var. hallii,PD4-17,TruSeq_Un3+TSBC03,TAGCTT,GCCTAA
K2508,KINGS,CBS.6.G1,CBS6,CenTex,Panicum hallii var. hallii,PD4-18,TruSeq_Un3+TSBC08,TAGCTT,TCAAGT
K2617,KINGS,CBS.6.G1,CBS6,CenTex,Panicum hallii var. hallii,PD4-19,TruSeq_Un3+TSBC16,TAGCTT,GGACGG
B1113,BFL,CCG.5.G1,CCG5,West,Panicum hallii var. hallii,PD6-29,TruSeq_Un4+TSBC21,GGCTAC,GTTTCG
B1313,BFL,CCG.5.G1,CCG5,West,Panicum hallii var. hallii,PD6-30,TruSeq_Un4+TSBC22,GGCTAC,CGTACG
BS1113,BFL_2,CCG.5.G1,CCG5,West,Panicum hallii var. hallii,PD6-7,TruSeq_Un1+TSBC35,ATCACG,CATTTT
BS1113,BFL_2,CCG.5.G1,CCG5,West,Panicum hallii var. hallii,PD25-10,TruSeq_Un2+TSBC08,ACTTGA,TCAAGT
BS1313,BFL_2,CCG.5.G1,CCG5,West,Panicum hallii var. hallii,PD6-8,TruSeq_Un1+TSBC39,ATCACG,CTATAC
BS1313,BFL_2,CCG.5.G1,CCG5,West,Panicum hallii var. hallii,PD24-11,TruSeq_Un2+TSBC16,ACTTGA,GGACGG
K1114,KINGS,CCG.5.G1,CCG5,West,Panicum hallii var. hallii,PD6-18,TruSeq_Un3+TSBC08,TAGCTT,TCAAGT
K2517,KINGS,CCG.5.G1,CCG5,West,Panicum hallii var. hallii,PD6-19,TruSeq_Un3+TSBC16,TAGCTT,GGACGG
K2802,KINGS,CCG.5.G1,CCG5,West,Panicum hallii var. hallii,PD6-20,TruSeq_Un3+TSBC19,TAGCTT,GTGAAA
B1202,BFL,CCL.1.F,CCL1,West,Panicum hallii var. hallii,PD10-15,TruSeq_Un2+TSBC35,ACTTGA,CATTTT
B1607,BFL,CCL.1.F,CCL1,West,Panicum hallii var. hallii,PD25-8,TruSeq_Un1+TSBC39,ATCACG,CTATAC
B1705,BFL,CCL.1.F,CCL1,West,Panicum hallii var. hallii,PD14-16,TruSeq_Un2+TSBC39,ACTTGA,CTATAC
K2608,KINGS,CCL.1.F,CCL1,West,Panicum hallii var. hallii,PD13-25,TruSeq_Un4+TSBC03,GGCTAC,GCCTAA
K2711,KINGS,CCL.1.F,CCL1,West,Panicum hallii var. hallii,PD14-29,TruSeq_Un4+TSBC21,GGCTAC,GTTTCG
K2807,KINGS,CCL.1.F,CCL1,West,Panicum hallii var. hallii,PD25-28,TruSeq_Un4+TSBC19,GGCTAC,GTGAAA
B1033,BFL,CCO.2.F,CCO2,West,Panicum hallii var. hallii,PD10-4,TruSeq_Un1+TSBC19,ATCACG,GTGAAA
B1302,BFL,CCO.2.F,CCO2,West,Panicum hallii var. hallii,PD10-22,TruSeq_Un3+TSBC22,TAGCTT,CGTACG
B1335,BFL,CCO.2.F,CCO2,West,Panicum hallii var. hallii,PD10-29,TruSeq_Un4+TSBC21,GGCTAC,GTTTCG
K1515,KINGS,CCO.2.F,CCO2,West,Panicum hallii var. hallii,PD11-2,TruSeq_Un1+TSBC08,ATCACG,TCAAGT
K1610,KINGS,CCO.2.F,CCO2,West,Panicum hallii var. hallii,PD11-4,TruSeq_Un1+TSBC19,ATCACG,GTGAAA
K2604,KINGS,CCO.2.F,CCO2,West,Panicum hallii var. hallii,PD13-24,TruSeq_Un3+TSBC39,TAGCTT,CTATAC
B1022,BFL,CHA.2.G1,CHA2,West,Panicum hallii var. hallii,PD5-24,TruSeq_Un3+TSBC39,TAGCTT,CTATAC
B1111,BFL,CHA.2.G1,CHA2,West,Panicum hallii var. hallii,PD5-25,TruSeq_Un4+TSBC03,GGCTAC,GCCTAA
B1218,BFL,CHA.2.G1,CHA2,West,Panicum hallii var. hallii,PD5-26,TruSeq_Un4+TSBC08,GGCTAC,TCAAGT
BS1022,BFL_2,CHA.2.G1,CHA2,West,Panicum hallii var. hallii,PD5-4,TruSeq_Un1+TSBC19,ATCACG,GTGAAA
BS1111,BFL_2,CHA.2.G1,CHA2,West,Panicum hallii var. hallii,PD5-5,TruSeq_Un1+TSBC21,ATCACG,GTTTCG
BS1218,BFL_2,CHA.2.G1,CHA2,West,Panicum hallii var. hallii,PD5-6,TruSeq_Un1+TSBC22,ATCACG,CGTACG
K1211,KINGS,CHA.2.G1,CHA2,West,Panicum hallii var. hallii,PD5-14,TruSeq_Un2+TSBC22,ACTTGA,CGTACG
K1805,KINGS,CHA.2.G1,CHA2,West,Panicum hallii var. hallii,PD5-15,TruSeq_Un2+TSBC35,ACTTGA,CATTTT
K2808,KINGS,CHA.2.G1,CHA2,West,Panicum hallii var. hallii,PD5-16,TruSeq_Un2+TSBC39,ACTTGA,CTATAC
B1608,BFL,CKR.15.G3,CKR15,West,Panicum hallii var. hallii,PD7-27,TruSeq_Un4+TSBC19,GGCTAC,GTGAAA
B1617,BFL,CKR.15.G3,CKR15,West,Panicum hallii var. hallii,PD7-28,TruSeq_Un4+TSBC21,GGCTAC,GTTTCG
B1626,BFL,CKR.15.G3,CKR15,West,Panicum hallii var. hallii,PD7-29,TruSeq_Un4+TSBC22,GGCTAC,CGTACG
BS1608,BFL_2,CKR.15.G3,CKR15,West,Panicum hallii var. hallii,PD7-6,TruSeq_Un1+TSBC35,ATCACG,CATTTT
BS1617,BFL_2,CKR.15.G3,CKR15,West,Panicum hallii var. hallii,PD7-7,TruSeq_Un1+TSBC39,ATCACG,CTATAC
BS1626,BFL_2,CKR.15.G3,CKR15,West,Panicum hallii var. hallii,PD7-8,TruSeq_Un1+JLBC42,ATCACG,TAATCG
K1718,KINGS,CKR.15.G3,CKR15,West,Panicum hallii var. hallii,PD7-16,TruSeq_Un1+JLBC42,ACTTGA,TAATCG
K1718,KINGS,CKR.15.G3,CKR15,West,Panicum hallii var. hallii,PD25-11,TruSeq_Un2+TSBC16,ACTTGA,GGACGG
K2504,KINGS,CKR.15.G3,CKR15,West,Panicum hallii var. hallii,PD7-17,TruSeq_Un3+TSBC03,TAGCTT,GCCTAA
K2510,KINGS,CKR.15.G3,CKR15,West,Panicum hallii var. hallii,PD7-18,TruSeq_Un3+TSBC16,TAGCTT,GGACGG
B1422,BFL,CLA.1A.G1,CLA1A,West,Panicum hallii var. hallii,PD14-3,TruSeq_Un1+TSBC16,ATCACG,GGACGG
B1440,BFL,CLA.1A.G1,CLA1A,West,Panicum hallii var. hallii,PD14-7,TruSeq_Un1+TSBC35,ATCACG,CATTTT
B1508,BFL,CLA.1A.G1,CLA1A,West,Panicum hallii var. hallii,PD21-5,TruSeq_Un1+TSBC21,ATCACG,GTTTCG
K1207,KINGS,CLA.1A.G1,CLA1A,West,Panicum hallii var. hallii,PD12-17,TruSeq_Un3+TSBC03,TAGCTT,GCCTAA
K1801,KINGS,CLA.1A.G1,CLA1A,West,Panicum hallii var. hallii,PD11-7,TruSeq_Un1+TSBC35,ATCACG,CATTTT
K2005,KINGS,CLA.1A.G1,CLA1A,West,Panicum hallii var. hallii,PD11-25,TruSeq_Un4+TSBC03,GGCTAC,GCCTAA
B1106,BFL,CLD.3.G1,CLD3,West,Panicum hallii var. hallii,PD10-6,TruSeq_Un1+TSBC22,ATCACG,CGTACG
B1430,BFL,CLD.3.G1,CLD3,West,Panicum hallii var. hallii,PD14-4,TruSeq_Un1+TSBC19,ATCACG,GTGAAA
B1730,BFL,CLD.3.G1,CLD3,West,Panicum hallii var. hallii,PD14-19,TruSeq_Un3+TSBC16,TAGCTT,GGACGG
K1210,KINGS,CLD.3.G1,CLD3,West,Panicum hallii var. hallii,PD12-18,TruSeq_Un3+TSBC08,TAGCTT,TCAAGT
K1308,KINGS,CLD.3.G1,CLD3,West,Panicum hallii var. hallii,PD12-25,TruSeq_Un4+TSBC03,GGCTAC,GCCTAA
K2518,KINGS,CLD.3.G1,CLD3,West,Panicum hallii var. hallii,PD13-21,TruSeq_Un3+TSBC21,TAGCTT,GTTTCG
B1230,BFL,CNF.2.G1,CNF2,West,Panicum hallii var. hallii,PD10-20,TruSeq_Un3+TSBC19,TAGCTT,GTGAAA
B1432,BFL,CNF.2.G1,CNF2,West,Panicum hallii var. hallii,PD14-5,TruSeq_Un1+TSBC21,ATCACG,GTTTCG
B1509,BFL,CNF.2.G1,CNF2,West,Panicum hallii var. hallii,PD21-6,TruSeq_Un1+TSBC22,ATCACG,CGTACG
K1008,KINGS,CNF.2.G1,CNF2,West,Panicum hallii var. hallii,PD12-5,TruSeq_Un1+TSBC21,ATCACG,GTTTCG
K1503,KINGS,CNF.2.G1,CNF2,West,Panicum hallii var. hallii,PD11-1,TruSeq_Un1+TSBC03,ATCACG,GCCTAA
K2303,KINGS,CNF.2.G1,CNF2,West,Panicum hallii var. hallii,PD13-10,TruSeq_Un2+TSBC08,ACTTGA,TCAAGT
B1030,BFL,COL.6.G1,COL6,Sym,Panicum hallii var. hallii,PD18-12,TruSeq_Un2+TSBC22,ACTTGA,CGTACG
B1709,BFL,COL.6.G1,COL6,Sym,Panicum hallii var. hallii,PD22-25,TruSeq_Un4+TSBC03,GGCTAC,GCCTAA
K1002,KINGS,COL.6.G1,COL6,Sym,Panicum hallii var. hallii,PD12-1,TruSeq_Un1+TSBC03,ATCACG,GCCTAA
K1017,KINGS,COL.6.G1,COL6,Sym,Panicum hallii var. hallii,PD12-11,TruSeq_Un2+TSBC16,ACTTGA,GGACGG
K2714,KINGS,COL.6.G1,COL6,Sym,Panicum hallii var. hallii,PD14-30,TruSeq_Un4+TSBC22,GGCTAC,CGTACG
B1007,BFL,COM.12.G2,COM12,TexMex,Panicum hallii var. hallii,PD8-21,TruSeq_Un3+TSBC22,TAGCTT,CGTACG
B1020,BFL,COM.12.G2,COM12,TexMex,Panicum hallii var. hallii,PD8-22,TruSeq_Un3+TSBC35,TAGCTT,CATTTT
B1541,BFL,COM.12.G2,COM12,TexMex,Panicum hallii var. hallii,PD8-23,TruSeq_Un3+TSBC39,TAGCTT,CTATAC
BS1007,BFL_2,COM.12.G2,COM12,TexMex,Panicum hallii var. hallii,PD8-1,TruSeq_Un1+TSBC03,ATCACG,GCCTAA
BS1020,BFL_2,COM.12.G2,COM12,TexMex,Panicum hallii var. hallii,PD8-2,TruSeq_Un1+TSBC16,ATCACG,GGACGG
BS1541,BFL_2,COM.12.G2,COM12,TexMex,Panicum hallii var. hallii,PD8-3,TruSeq_Un1+TSBC19,ATCACG,GTGAAA
K2104,KINGS,COM.12.G2,COM12,TexMex,Panicum hallii var. hallii,PD8-11,TruSeq_Un2+TSBC19,ACTTGA,GTGAAA
K2104,KINGS,COM.12.G2,COM12,TexMex,Panicum hallii var. hallii,PD11-30,TruSeq_Un4+TSBC22,GGCTAC,CGTACG
K2203,KINGS,COM.12.G2,COM12,TexMex,Panicum hallii var. hallii,PD8-12,TruSeq_Un2+TSBC21,ACTTGA,GTTTCG
K2409,KINGS,COM.12.G2,COM12,TexMex,Panicum hallii var. hallii,PD8-13,TruSeq_Un2+TSBC22,ACTTGA,CGTACG
B1331,BFL,COR.18.G2,COR18,TexMex,Panicum hallii var. hallii,PD20-12,TruSeq_Un2+TSBC19,ACTTGA,GTGAAA
B1338,BFL,COR.18.G2,COR18,TexMex,Panicum hallii var. hallii,PD20-16,TruSeq_Un2+TSBC39,ACTTGA,CTATAC
B1604,BFL,COR.18.G2,COR18,TexMex,Panicum hallii var. hallii,PD21-29,TruSeq_Un4+TSBC21,GGCTAC,GTTTCG
K1407,KINGS,COR.18.G2,COR18,TexMex,Panicum hallii var. hallii,PD15-23,TruSeq_Un3+TSBC35,TAGCTT,CATTTT
K1707,KINGS,COR.18.G2,COR18,TexMex,Panicum hallii var. hallii,PD16-21,TruSeq_Un3+TSBC21,TAGCTT,GTTTCG
K1711,KINGS,COR.18.G2,COR18,TexMex,Panicum hallii var. hallii,PD16-25,TruSeq_Un4+TSBC03,GGCTAC,GCCTAA
B1017,BFL,CRC.1.G1,CRC1,West,Panicum hallii var. hallii,PD5-27,TruSeq_Un4+TSBC16,GGCTAC,GGACGG
B1025,BFL,CRC.1.G1,CRC1,West,Panicum hallii var. hallii,PD5-28,TruSeq_Un4+TSBC19,GGCTAC,GTGAAA
B1524,BFL,CRC.1.G1,CRC1,West,Panicum hallii var. hallii,PD5-29,TruSeq_Un4+TSBC21,GGCTAC,GTTTCG
BS1017,BFL_2,CRC.1.G1,CRC1,West,Panicum hallii var. hallii,PD5-7,TruSeq_Un1+TSBC35,ATCACG,CATTTT
BS1025,BFL_2,CRC.1.G1,CRC1,West,Panicum hallii var. hallii,PD5-8,TruSeq_Un1+TSBC39,ATCACG,CTATAC
BS1025,BFL_2,CRC.1.G1,CRC1,West,Panicum hallii var. hallii,PD25-9,TruSeq_Un2+TSBC03,ACTTGA,GCCTAA
BS1524,BFL_2,CRC.1.G1,CRC1,West,Panicum hallii var. hallii,PD5-9,TruSeq_Un2+TSBC03,ACTTGA,GCCTAA
K1606,KINGS,CRC.1.G1,CRC1,West,Panicum hallii var. hallii,PD5-17,TruSeq_Un3+TSBC03,TAGCTT,GCCTAA
K1912,KINGS,CRC.1.G1,CRC1,West,Panicum hallii var. hallii,PD5-18,TruSeq_Un3+TSBC08,TAGCTT,TCAAGT
K2614,KINGS,CRC.1.G1,CRC1,West,Panicum hallii var. hallii,PD5-19,TruSeq_Un3+TSBC16,TAGCTT,GGACGG
B1211,BFL,CRS.3.G1,CRS3,West,Panicum hallii var. hallii,PD19-12,TruSeq_Un2+TSBC19,ACTTGA,GTGAAA
B1228,BFL,CRS.3.G1,CRS3,West,Panicum hallii var. hallii,PD19-20,TruSeq_Un3+TSBC21,TAGCTT,GTTTCG
B1437,BFL,CRS.3.G1,CRS3,West,Panicum hallii var. hallii,PD24-8,TruSeq_Un1+TSBC39,ATCACG,CTATAC
K1303,KINGS,CRS.3.G1,CRS3,West,Panicum hallii var. hallii,PD12-22,TruSeq_Un3+TSBC22,TAGCTT,CGTACG
K2402,KINGS,CRS.3.G1,CRS3,West,Panicum hallii var. hallii,PD24-23,TruSeq_Un3+TSBC35,TAGCTT,CATTTT
K2417,KINGS,CRS.3.G1,CRS3,West,Panicum hallii var. hallii,PD23-29,TruSeq_Un4+TSBC21,GGCTAC,GTTTCG
B1209,BFL,DOF.11.G1,DOF11,TexMex,Panicum hallii var. hallii,PD19-11,TruSeq_Un2+TSBC16,ACTTGA,GGACGG
B1231,BFL,DOF.11.G1,DOF11,TexMex,Panicum hallii var. hallii,PD19-22,TruSeq_Un3+TSBC35,TAGCTT,CATTTT
B1337,BFL,DOF.11.G1,DOF11,TexMex,Panicum hallii var. hallii,PD20-15,TruSeq_Un2+TSBC35,ACTTGA,CATTTT
K1906,KINGS,DOF.11.G1,DOF11,TexMex,Panicum hallii var. hallii,PD17-8,TruSeq_Un1+TSBC39,ATCACG,CTATAC
K2112,KINGS,DOF.11.G1,DOF11,TexMex,Panicum hallii var. hallii,PD13-4,TruSeq_Un1+TSBC19,ATCACG,GTGAAA
K2708,KINGS,DOF.11.G1,DOF11,TexMex,Panicum hallii var. hallii,PD13-30,TruSeq_Un4+TSBC22,GGCTAC,CGTACG
B1124,BFL,DRB.1.G4,DRB1,TexMex,Panicum hallii var. hallii,PD18-30,TruSeq_Un4+TSBC39,GGCTAC,CTATAC
B1304,BFL,DRB.1.G4,DRB1,TexMex,Panicum hallii var. hallii,PD19-28,TruSeq_Un4+TSBC21,GGCTAC,GTTTCG
B1305,BFL,DRB.1.G4,DRB1,TexMex,Panicum hallii var. hallii,PD19-29,TruSeq_Un4+TSBC22,GGCTAC,CGTACG
K1408,KINGS,DRB.1.G4,DRB1,TexMex,Panicum hallii var. hallii,PD15-24,TruSeq_Un3+TSBC39,TAGCTT,CTATAC
K1604,KINGS,DRB.1.G4,DRB1,TexMex,Panicum hallii var. hallii,PD16-11,TruSeq_Un2+TSBC16,ACTTGA,GGACGG
K1709,KINGS,DRB.1.G4,DRB1,TexMex,Panicum hallii var. hallii,PD16-23,TruSeq_Un3+TSBC35,TAGCTT,CATTTT
B1019,BFL,ELG.50.G2,ELG50,West,Panicum hallii var. hallii,PD6-21,TruSeq_Un3+TSBC21,TAGCTT,GTTTCG
B1215,BFL,ELG.56.G2,ELG56,West,Panicum hallii var. hallii,PD6-27,TruSeq_Un4+TSBC16,GGCTAC,GGACGG
B1235,BFL,ELG.50.G2,ELG50,West,Panicum hallii var. hallii,PD6-22,TruSeq_Un3+TSBC22,TAGCTT,CGTACG
B1329,BFL,ELG.56.G2,ELG56,West,Panicum hallii var. hallii,PD6-28,TruSeq_Un4+TSBC19,GGCTAC,GTGAAA
B1425,BFL,ELG.50.G2,ELG50,West,Panicum hallii var. hallii,PD6-23,TruSeq_Un3+TSBC35,TAGCTT,CATTTT
BS1019,BFL_2,ELG.50.G2,ELG50,West,Panicum hallii var. hallii,PD6-1,TruSeq_Un1+TSBC03,ATCACG,GCCTAA
BS1215,BFL_2,ELG.56.G2,ELG56,West,Panicum hallii var. hallii,PD6-5,TruSeq_Un1+TSBC21,ATCACG,GTTTCG
BS1235,BFL_2,ELG.50.G2,ELG50,West,Panicum hallii var. hallii,PD6-2,TruSeq_Un1+TSBC08,ATCACG,TCAAGT
BS1329,BFL_2,ELG.56.G2,ELG56,West,Panicum hallii var. hallii,PD6-6,TruSeq_Un1+TSBC22,ATCACG,CGTACG
K1101,KINGS,ELG.50.G2,ELG50,West,Panicum hallii var. hallii,PD6-9,TruSeq_Un2+TSBC03,ACTTGA,GCCTAA
K1217,KINGS,ELG.56.G2,ELG56,West,Panicum hallii var. hallii,PD6-15,TruSeq_Un2+TSBC35,ACTTGA,CATTTT
K1412,KINGS,ELG.50.G2,ELG50,West,Panicum hallii var. hallii,PD6-10,TruSeq_Un2+TSBC08,ACTTGA,TCAAGT
K1607,KINGS,ELG.50.G2,ELG50,West,Panicum hallii var. hallii,PD6-11,TruSeq_Un2+TSBC16,ACTTGA,GGACGG
K1717,KINGS,ELG.56.G2,ELG56,West,Panicum hallii var. hallii,PD6-16,TruSeq_Un2+TSBC39,ACTTGA,CTATAC
K2716,KINGS,ELG.56.G2,ELG56,West,Panicum hallii var. hallii,PD6-17,TruSeq_Un3+TSBC03,TAGCTT,GCCTAA
B1002,BFL,EPS.1C.G1,EPS1C,Coa&inl,Panicum hallii var. filipes,PD25-2,TruSeq_Un1+TSBC08,ATCACG,TCAAGT
B1029,BFL,EPS.1C.G1,EPS1C,Coa&inl,Panicum hallii var. filipes,PD18-11,TruSeq_Un2+TSBC21,ACTTGA,GTTTCG
B1405,BFL,EPS.1C.G1,EPS1C,Coa&inl,Panicum hallii var. filipes,PD20-21,TruSeq_Un3+TSBC21,TAGCTT,GTTTCG
K1809,KINGS,EPS.1C.G1,EPS1C,Coa&inl,Panicum hallii var. filipes,PD17-1,TruSeq_Un1+TSBC03,ATCACG,GCCTAA
K2015,KINGS,EPS.1C.G1,EPS1C,Coa&inl,Panicum hallii var. filipes,PD17-17,TruSeq_Un3+TSBC08,TAGCTT,TCAAGT
K2103,KINGS,EPS.1C.G1,EPS1C,Coa&inl,Panicum hallii var. filipes,PD11-29,TruSeq_Un4+TSBC21,GGCTAC,GTTTCG
B1212,BFL,ESE.2.G1,ESE2,CenTex,Panicum hallii var. hallii,PD19-13,TruSeq_Un2+TSBC21,ACTTGA,GTTTCG
B1226,BFL,ESE.2.G1,ESE2,CenTex,Panicum hallii var. hallii,PD19-18,TruSeq_Un3+TSBC16,TAGCTT,GGACGG
B1534,BFL,ESE.2.G1,ESE2,CenTex,Panicum hallii var. hallii,PD21-21,TruSeq_Un3+TSBC21,TAGCTT,GTTTCG
K1004,KINGS,ESE.2.G1,ESE2,CenTex,Panicum hallii var. hallii,PD12-2,TruSeq_Un1+TSBC08,ATCACG,TCAAGT
K1112,KINGS,ESE.2.G1,ESE2,CenTex,Panicum hallii var. hallii,PD12-14,TruSeq_Un2+TSBC22,ACTTGA,CGTACG
K1902,KINGS,ESE.2.G1,ESE2,CenTex,Panicum hallii var. hallii,PD11-13,TruSeq_Un2+TSBC21,ACTTGA,GTTTCG
B1213,BFL,FIL.2A.G2,FIL2A,Coa&inl,Panicum hallii var. filipes,PD19-14,TruSeq_Un2+TSBC22,ACTTGA,CGTACG
B1635,BFL,FIL.2A.G2,FIL2A,Coa&inl,Panicum hallii var. filipes,PD22-15,TruSeq_Un2+TSBC35,ACTTGA,CATTTT
B1640,BFL,FIL.2A.G2,FIL2A,Coa&inl,Panicum hallii var. filipes,PD22-19,TruSeq_Un3+TSBC16,TAGCTT,GGACGG
K1010,KINGS,FIL.2A.G2,FIL2A,Coa&inl,Panicum hallii var. filipes,PD12-7,TruSeq_Un1+TSBC35,ATCACG,CATTTT
K1216,KINGS,FIL.2A.G2,FIL2A,Coa&inl,Panicum hallii var. filipes,PD12-20,TruSeq_Un3+TSBC19,TAGCTT,GTGAAA
K1910,KINGS,FIL.2A.G2,FIL2A,Coa&inl,Panicum hallii var. filipes,PD11-18,TruSeq_Un3+TSBC08,TAGCTT,TCAAGT
B1004,BFL,FIL2.9.CK,FIL29,Coa&inl,Panicum hallii var. filipes,PD18-1,TruSeq_Un1+TSBC16,ATCACG,GGACGG
B1023,BFL,FIL2.11.CK,FIL211,Coa&inl,Panicum hallii var. filipes,PD18-8,TruSeq_Un2+TSBC08,ACTTGA,TCAAGT
B1103,BFL,FIL2.12.CK,FIL212,Coa&inl,Panicum hallii var. filipes,PD8-29,TruSeq_Un4+TSBC22,GGCTAC,CGTACG
B1301,BFL,FIL2.5.CK,FIL25,Coa&inl,Panicum hallii var. filipes,PD19-27,TruSeq_Un4+TSBC19,GGCTAC,GTGAAA
B1438,BFL,FIL2.1.CK,FIL21,Coa&inl,Panicum hallii var. filipes,PD25-6,TruSeq_Un1+TSBC22,ATCACG,CGTACG
B1540,BFL,FIL2.8.CK,FIL28,Coa&inl,Panicum hallii var. filipes,PD14-24,TruSeq_Un3+TSBC39,TAGCTT,CTATAC
B1614,BFL,FIL2.4.CK,FIL24,Coa&inl,Panicum hallii var. filipes,PD22-4,TruSeq_Un1+TSBC19,ATCACG,GTGAAA
B1618,BFL,FIL2.7.CK,FIL27,Coa&inl,Panicum hallii var. filipes,PD14-23,TruSeq_Un3+TSBC35,TAGCTT,CATTTT
B1703,BFL,FIL2.10.CK,FIL210,Coa&inl,Panicum hallii var. filipes,PD22-21,TruSeq_Un3+TSBC21,TAGCTT,GTTTCG
B1710,BFL,FIL2.3.CK,FIL23,Coa&inl,Panicum hallii var. filipes,PD8-30,TruSeq_Un1+TSBC35,GGCTAC,CATTTT
B1721,BFL,FIL2.2.CK,FIL22,Coa&inl,Panicum hallii var. filipes,PD23-1,TruSeq_Un1+TSBC03,ATCACG,GCCTAA
B1733,BFL,FIL2.6.CK,FIL26,Coa&inl,Panicum hallii var. filipes,PD14-22,TruSeq_Un3+TSBC22,TAGCTT,CGTACG
BS1103,BFL_2,FIL2.12.CK,FIL212,Coa&inl,Panicum hallii var. filipes,PD8-9,TruSeq_Un2+TSBC03,ACTTGA,GCCTAA
BS1540,BFL_2,FIL2.8.CK,FIL28,Coa&inl,Panicum hallii var. filipes,PD14-28,TruSeq_Un4+TSBC19,GGCTAC,GTGAAA
BS1618,BFL_2,FIL2.7.CK,FIL27,Coa&inl,Panicum hallii var. filipes,PD14-27,TruSeq_Un4+TSBC16,GGCTAC,GGACGG
BS1710,BFL_2,FIL2.3.CK,FIL23,Coa&inl,Panicum hallii var. filipes,PD8-10,TruSeq_Un2+TSBC16,ACTTGA,GGACGG
BS1733,BFL_2,FIL2.6.CK,FIL26,Coa&inl,Panicum hallii var. filipes,PD14-26,TruSeq_Un4+TSBC08,GGCTAC,TCAAGT
k1012,KINGS,FIL2.19.CK,FIL219,Coa&inl,Panicum hallii var. filipes,PD8-20,TruSeq_Un3+TSBC21,TAGCTT,GTTTCG
K1105,KINGS,FIL2.20.CK,FIL220,Coa&inl,Panicum hallii var. filipes,PD15-2,TruSeq_Un1+TSBC08,ATCACG,TCAAGT
K1601,KINGS,FIL2.24.CK,FIL224,Coa&inl,Panicum hallii var. filipes,PD16-8,TruSeq_Un1+TSBC39,ATCACG,CTATAC
K1602,KINGS,FIL2.23.CK,FIL223,Coa&inl,Panicum hallii var. filipes,PD16-9,TruSeq_Un2+TSBC03,ACTTGA,GCCTAA
K1612,KINGS,FIL2.18.CK,FIL218,Coa&inl,Panicum hallii var. filipes,PD16-13,TruSeq_Un2+TSBC21,ACTTGA,GTTTCG
K1702,KINGS,FIL2.16.CK,FIL216,Coa&inl,Panicum hallii var. filipes,PD16-18,TruSeq_Un3+TSBC08,TAGCTT,TCAAGT
K1802,KINGS,FIL2.21.CK,FIL221,Coa&inl,Panicum hallii var. filipes,PD16-29,TruSeq_Un4+TSBC21,GGCTAC,GTTTCG
K1917,KINGS,FIL2.15.CK,FIL215,Coa&inl,Panicum hallii var. filipes,PD11-21,TruSeq_Un3+TSBC21,TAGCTT,GTTTCG
K2102,KINGS,FIL2.22.CK,FIL222,Coa&inl,Panicum hallii var. filipes,PD17-20,TruSeq_Un3+TSBC21,TAGCTT,GTTTCG
K2201,KINGS,FIL2.17.CK,FIL217,Coa&inl,Panicum hallii var. filipes,PD17-25,TruSeq_Un4+TSBC08,GGCTAC,TCAAGT
K2209,KINGS,FIL2.13.CK,FIL213,Coa&inl,Panicum hallii var. filipes,PD17-28,TruSeq_Un4+TSBC21,GGCTAC,GTTTCG
K2803,KINGS,FIL2.14.CK,FIL214,Coa&inl,Panicum hallii var. filipes,PD25-25,TruSeq_Un4+TSBC03,GGCTAC,GCCTAA
K2816,KINGS,FIL2.25.CK,FIL225,Coa&inl,Panicum hallii var. filipes,PD26-4,TruSeq_Un1+TSBC19,ATCACG,GTGAAA
K2817,KINGS,FIL2.26.CK,FIL226,Coa&inl,Panicum hallii var. filipes,PD26-5,TruSeq_Un1+TSBC21,ATCACG,GTTTCG
B1024,BFL,GEO.1A.G1,GEO1A,West,Panicum hallii var. hallii,PD6-24,TruSeq_Un3+TSBC39,TAGCTT,CTATAC
B1115,BFL,GEO.1A.G1,GEO1A,West,Panicum hallii var. hallii,PD6-25,TruSeq_Un4+TSBC03,GGCTAC,GCCTAA
B1418,BFL,GEO.1A.G1,GEO1A,West,Panicum hallii var. hallii,PD6-26,TruSeq_Un4+TSBC08,GGCTAC,TCAAGT
BS1024,BFL_2,GEO.1A.G1,GEO1A,West,Panicum hallii var. hallii,PD6-3,TruSeq_Un1+TSBC16,ATCACG,GGACGG
BS1115,BFL_2,GEO.1A.G1,GEO1A,West,Panicum hallii var. hallii,PD6-4,TruSeq_Un1+TSBC19,ATCACG,GTGAAA
K1509,KINGS,GEO.1A.G1,GEO1A,West,Panicum hallii var. hallii,PD6-12,TruSeq_Un2+TSBC19,ACTTGA,GTGAAA
K2706,KINGS,GEO.1A.G1,GEO1A,West,Panicum hallii var. hallii,PD6-13,TruSeq_Un2+TSBC21,ACTTGA,GTTTCG
K2715,KINGS,GEO.1A.G1,GEO1A,West,Panicum hallii var. hallii,PD6-14,TruSeq_Un2+TSBC22,ACTTGA,CGTACG
B1310,BFL,GIL.42A.G3,GIL42A,West,Panicum hallii var. hallii,PD20-1,TruSeq_Un1+TSBC03,ATCACG,GCCTAA
K1517,KINGS,GIL.42A.G3,GIL42A,West,Panicum hallii var. hallii,PD16-6,TruSeq_Un1+TSBC22,ATCACG,CGTACG
K2002,KINGS,GIL.42A.G3,GIL42A,West,Panicum hallii var. hallii,PD17-10,TruSeq_Un2+TSBC08,ACTTGA,TCAAGT
K2718,KINGS,GIL.42A.G3,GIL42A,West,Panicum hallii var. hallii,PD25-23,TruSeq_Un3+TSBC35,TAGCTT,CATTTT
B1639,BFL,GMO.5.G1,GMO5,West,Panicum hallii var. hallii,PD8-24,TruSeq_Un1+JLBC42,TAGCTT,TAATCG
B1717,BFL,GMO.5.G1,GMO5,West,Panicum hallii var. hallii,PD8-25,TruSeq_Un4+TSBC03,GGCTAC,GCCTAA
B1726,BFL,GMO.5.G1,GMO5,West,Panicum hallii var. hallii,PD8-26,TruSeq_Un4+TSBC16,GGCTAC,GGACGG
BS1639,BFL_2,GMO.5.G1,GMO5,West,Panicum hallii var. hallii,PD8-4,TruSeq_Un1+TSBC21,ATCACG,GTTTCG
BS1717,BFL_2,GMO.5.G1,GMO5,West,Panicum hallii var. hallii,PD8-5,TruSeq_Un1+TSBC22,ATCACG,CGTACG
BS1726,BFL_2,GMO.5.G1,GMO5,West,Panicum hallii var. hallii,PD8-6,TruSeq_Un1+TSBC35,ATCACG,CATTTT
K1508,KINGS,GMO.5.G1,GMO5,West,Panicum hallii var. hallii,PD8-14,TruSeq_Un2+TSBC35,ACTTGA,CATTTT
K2114,KINGS,GMO.5.G1,GMO5,West,Panicum hallii var. hallii,PD8-15,TruSeq_Un2+TSBC39,ACTTGA,CTATAC
K2511,KINGS,GMO.5.G1,GMO5,West,Panicum hallii var. hallii,PD8-16,TruSeq_Un1+JLBC42,ACTTGA,TAATCG
B1130,BFL,GNF.1.G1,GNF1,Coa&inl,Panicum hallii var. filipes,PD19-2,TruSeq_Un1+TSBC08,ATCACG,TCAAGT
B1601,BFL,GNF.1.G1,GNF1,Coa&inl,Panicum hallii var. filipes,PD21-27,TruSeq_Un4+TSBC16,GGCTAC,GGACGG
B1720,BFL,GNF.1.G1,GNF1,Coa&inl,Panicum hallii var. filipes,PD24-10,TruSeq_Un2+TSBC08,ACTTGA,TCAAGT
K1215,KINGS,GNF.1.G1,GNF1,Coa&inl,Panicum hallii var. filipes,PD12-19,TruSeq_Un3+TSBC16,TAGCTT,GGACGG
K2011,KINGS,GNF.1.G1,GNF1,Coa&inl,Panicum hallii var. filipes,PD17-14,TruSeq_Un2+TSBC35,ACTTGA,CATTTT
K2105,KINGS,GNF.1.G1,GNF1,Coa&inl,Panicum hallii var. filipes,PD13-1,TruSeq_Un1+TSBC03,ATCACG,GCCTAA
B1018,BFL,GNH.10.G2,GNH10,Sym,Panicum hallii var. hallii,PD2-21,TruSeq_Un3+TSBC21,TAGCTT,GTTTCG
B1431,BFL,GNH.10.G2,GNH10,Sym,Panicum hallii var. hallii,PD2-22,TruSeq_Un3+TSBC22,TAGCTT,CGTACG
B1530,BFL,GNH.10.G2,GNH10,Sym,Panicum hallii var. hallii,PD2-23,TruSeq_Un3+TSBC35,TAGCTT,CATTTT
BS1018,BFL_2,GNH.10.G2,GNH10,Sym,Panicum hallii var. hallii,PD2-1,TruSeq_Un1+TSBC03,ATCACG,GCCTAA
BS1431,BFL_2,GNH.10.G2,GNH10,Sym,Panicum hallii var. hallii,PD2-2,TruSeq_Un1+TSBC08,ATCACG,TCAAGT
BS1530,BFL_2,GNH.10.G2,GNH10,Sym,Panicum hallii var. hallii,PD2-3,TruSeq_Un1+TSBC16,ATCACG,GGACGG
K1414,KINGS,GNH.10.G2,GNH10,Sym,Panicum hallii var. hallii,PD2-11,TruSeq_Un2+TSBC16,ACTTGA,GGACGG
K1913,KINGS,GNH.10.G2,GNH10,Sym,Panicum hallii var. hallii,PD2-12,TruSeq_Un2+TSBC19,ACTTGA,GTGAAA
K2501,KINGS,GNH.10.G2,GNH10,Sym,Panicum hallii var. hallii,PD2-13,TruSeq_Un2+TSBC21,ACTTGA,GTTTCG
B1034,BFL,GRA.1.G1,GRA1,West,Panicum hallii var. hallii,PD18-15,TruSeq_Un3+TSBC03,TAGCTT,GCCTAA
B1229,BFL,GRA.1.G1,GRA1,West,Panicum hallii var. hallii,PD19-21,TruSeq_Un3+TSBC22,TAGCTT,CGTACG
B1504,BFL,GRA.1.G1,GRA1,West,Panicum hallii var. hallii,PD21-3,TruSeq_Un1+TSBC16,ATCACG,GGACGG
K1206,KINGS,GRA.1.G1,GRA1,West,Panicum hallii var. hallii,PD15-12,TruSeq_Un2+TSBC19,ACTTGA,GTGAAA
K1502,KINGS,GRA.1.G1,GRA1,West,Panicum hallii var. hallii,PD15-28,TruSeq_Un4+TSBC19,GGCTAC,GTGAAA
K1703,KINGS,GRA.1.G1,GRA1,West,Panicum hallii var. hallii,PD16-19,TruSeq_Un3+TSBC16,TAGCTT,GGACGG
B1003,BFL,HAL.2.G1,HAL2,CenTex,Panicum hallii var. hallii,PD4-30,TruSeq_Un4+TSBC22,GGCTAC,CGTACG
B1429,BFL,HAL.2.G1,HAL2,CenTex,Panicum hallii var. hallii,PD5-30,TruSeq_Un4+TSBC22,GGCTAC,CGTACG
B1502,BFL,HAL.2.G1,HAL2,CenTex,Panicum hallii var. hallii,PD21-1,TruSeq_Un1+TSBC03,ATCACG,GCCTAA
BS1003,BFL_2,HAL.2.G1,HAL2,CenTex,Panicum hallii var. hallii,PD4-10,TruSeq_Un2+TSBC08,ACTTGA,TCAAGT
BS1429,BFL_2,HAL.2.G1,HAL2,CenTex,Panicum hallii var. hallii,PD5-10,TruSeq_Un2+TSBC08,ACTTGA,TCAAGT
K1706,KINGS,HAL.2.G1,HAL2,CenTex,Panicum hallii var. hallii,PD4-20,TruSeq_Un3+TSBC19,TAGCTT,GTGAAA
K2006,KINGS,HAL.2.G1,HAL2,CenTex,Panicum hallii var. hallii,PD5-20,TruSeq_Un3+TSBC19,TAGCTT,GTGAAA
K2805,KINGS,HAL.2.G1,HAL2,CenTex,Panicum hallii var. hallii,PD25-27,TruSeq_Un4+TSBC16,GGCTAC,GGACGG
B1016,BFL,HAL2.10.CK,HAL210,CenTex,Panicum hallii var. hallii,PD18-6,TruSeq_Un1+TSBC39,ATCACG,CTATAC
B1214,BFL,HAL2.6.CK,HAL26,CenTex,Panicum hallii var. hallii,PD19-15,TruSeq_Un2+TSBC35,ACTTGA,CATTTT
B1314,BFL,HAL2.3.CK,HAL23,CenTex,Panicum hallii var. hallii,PD2-30,TruSeq_Un4+TSBC22,GGCTAC,CGTACG
B1322,BFL,HAL2.12.CK,HAL212,CenTex,Panicum hallii var. hallii,PD20-7,TruSeq_Un1+TSBC35,ATCACG,CATTTT
B1340,BFL,HAL2.1.CK,HAL21,CenTex,Panicum hallii var. hallii,PD20-18,TruSeq_Un3+TSBC08,TAGCTT,TCAAGT
B1503,BFL,HAL2.8.CK,HAL28,CenTex,Panicum hallii var. hallii,PD21-2,TruSeq_Un1+TSBC08,ATCACG,TCAAGT
B1526,BFL,HAL2.9.CK,HAL29,CenTex,Panicum hallii var. hallii,PD14-21,TruSeq_Un3+TSBC21,TAGCTT,GTTTCG
B1527,BFL,HAL2.11.CK,HAL211,CenTex,Panicum hallii var. hallii,PD21-18,TruSeq_Un3+TSBC08,TAGCTT,TCAAGT
B1621,BFL,HAL2.2.CK,HAL22,CenTex,Panicum hallii var. hallii,PD1-30,TruSeq_Un4+TSBC22,GGCTAC,CGTACG
B1625,BFL,HAL2.7.CK,HAL27,CenTex,Panicum hallii var. hallii,PD7-30,TruSeq_Un1+TSBC35,GGCTAC,CATTTT
B1630,BFL,HAL2.5.CK,HAL25,CenTex,Panicum hallii var. hallii,PD3-30,TruSeq_Un4+TSBC22,GGCTAC,CGTACG
B1719,BFL,HAL2.4.CK,HAL24,CenTex,Panicum hallii var. hallii,PD24-9,TruSeq_Un2+TSBC03,ACTTGA,GCCTAA
BS1314,BFL_2,HAL2.3.CK,HAL23,CenTex,Panicum hallii var. hallii,PD2-10,TruSeq_Un2+TSBC08,ACTTGA,TCAAGT
BS1526,BFL_2,HAL2.9.CK,HAL29,CenTex,Panicum hallii var. hallii,PD14-25,TruSeq_Un4+TSBC03,GGCTAC,GCCTAA
BS1621,BFL_2,HAL2.3.CK,HAL23,CenTex,Panicum hallii var. hallii,PD1-10,TruSeq_Un2+TSBC08,ACTTGA,TCAAGT
BS1625,BFL_2,HAL2.7.CK,HAL27,CenTex,Panicum hallii var. hallii,PD7-9,TruSeq_Un2+TSBC03,ACTTGA,GCCTAA
BS1630,BFL_2,HAL2.5.CK,HAL25,CenTex,Panicum hallii var. hallii,PD3-10,TruSeq_Un2+TSBC08,ACTTGA,TCAAGT
K1001,KINGS,HAL2.24.CK,HAL224,CenTex,Panicum hallii var. hallii,PD1-20,TruSeq_Un3+TSBC19,TAGCTT,GTGAAA
K1006,KINGS,HAL2.23.CK,HAL223,CenTex,Panicum hallii var. hallii,PD2-20,TruSeq_Un3+TSBC19,TAGCTT,GTGAAA
K1107,KINGS,HAL2.20.CK,HAL220,CenTex,Panicum hallii var. hallii,PD3-20,TruSeq_Un3+TSBC19,TAGCTT,GTGAAA
K1507,KINGS,HAL2.16.CK,HAL216,CenTex,Panicum hallii var. hallii,PD24-1,TruSeq_Un1+TSBC03,ATCACG,GCCTAA
K1701,KINGS,HAL2.18.CK,HAL218,CenTex,Panicum hallii var. hallii,PD16-17,TruSeq_Un3+TSBC03,TAGCTT,GCCTAA
K1816,KINGS,HAL2.13.CK,HAL213,CenTex,Panicum hallii var. hallii,PD17-5,TruSeq_Un1+TSBC21,ATCACG,GTTTCG
K1918,KINGS,HAL2.17.CK,HAL217,CenTex,Panicum hallii var. hallii,PD11-22,TruSeq_Un3+TSBC22,TAGCTT,CGTACG
K1918,KINGS,HAL2.17.CK,HAL217,CenTex,Panicum hallii var. hallii,PD25-12,TruSeq_Un2+TSBC19,ACTTGA,GTGAAA
K2003,KINGS,HAL2.22.CK,HAL222,CenTex,Panicum hallii var. hallii,PD17-11,TruSeq_Un2+TSBC16,ACTTGA,GGACGG
K2108,KINGS,HAL2.19.CK,HAL219,CenTex,Panicum hallii var. hallii,PD13-2,TruSeq_Un1+TSBC08,ATCACG,TCAAGT
K2108,KINGS,HAL2.19.CK,HAL219,CenTex,Panicum hallii var. hallii,PD26-6,TruSeq_Un1+TSBC22,ATCACG,CGTACG
K2108(2),KINGS,HAL2.19.CK,HAL219,CenTex,Panicum hallii var. hallii,PD24-20,TruSeq_Un3+TSBC19,TAGCTT,GTGAAA
K2216,KINGS,HAL2.19.CK,HAL219,CenTex,Panicum hallii var. hallii,PD17-22,TruSeq_Un3+TSBC35,TAGCTT,CATTTT
K2416,KINGS,HAL2.21.CK,HAL221,CenTex,Panicum hallii var. hallii,PD7-20,TruSeq_Un3+TSBC21,TAGCTT,GTTTCG
K2612,KINGS,HAL2.15.CK,HAL215,CenTex,Panicum hallii var. hallii,PD25-17,TruSeq_Un3+TSBC03,TAGCTT,GCCTAA
K2707,KINGS,HAL2.14.CK,HAL214,CenTex,Panicum hallii var. hallii,PD7-19,TruSeq_Un3+TSBC19,TAGCTT,GTGAAA
K2707,KINGS,HAL2.14.CK,HAL214,CenTex,Panicum hallii var. hallii,PD25-18,TruSeq_Un3+TSBC08,TAGCTT,TCAAGT
B1010,BFL,HAM.1.G1,HAM1,TexMex,Panicum hallii var. hallii,PD18-3,TruSeq_Un1+TSBC21,ATCACG,GTTTCG
B1121,BFL,HAM.1.G1,HAM1,TexMex,Panicum hallii var. hallii,PD18-27,TruSeq_Un4+TSBC21,GGCTAC,GTTTCG
B1725,BFL,HAM.1.G1,HAM1,TexMex,Panicum hallii var. hallii,PD23-5,TruSeq_Un1+TSBC21,ATCACG,GTTTCG
K1201,KINGS,HAM.1.G1,HAM1,TexMex,Panicum hallii var. hallii,PD15-9,TruSeq_Un2+TSBC03,ACTTGA,GCCTAA
K1203,KINGS,HAM.1.G1,HAM1,TexMex,Panicum hallii var. hallii,PD15-10,TruSeq_Un2+TSBC08,ACTTGA,TCAAGT
K1813,KINGS,HAM.1.G1,HAM1,TexMex,Panicum hallii var. hallii,PD17-4,TruSeq_Un1+TSBC19,ATCACG,GTGAAA
B1308,BFL,HDS.1.G1,HDS1,CenTex,Panicum hallii var. hallii,PD25-5,TruSeq_Un1+TSBC21,ATCACG,GTTTCG
B1325,BFL,HDS.1.G1,HDS1,CenTex,Panicum hallii var. hallii,PD20-9,TruSeq_Un2+TSBC03,ACTTGA,GCCTAA
B1727,BFL,HDS.1.G1,HDS1,CenTex,Panicum hallii var. hallii,PD23-6,TruSeq_Un1+TSBC22,ATCACG,CGTACG
K1204,KINGS,HDS.1.G1,HDS1,CenTex,Panicum hallii var. hallii,PD15-11,TruSeq_Un2+TSBC16,ACTTGA,GGACGG
K2406,KINGS,HDS.1.G1,HDS1,CenTex,Panicum hallii var. hallii,PD23-26,TruSeq_Un4+TSBC08,GGCTAC,TCAAGT
K2607,KINGS,HDS.1.G1,HDS1,CenTex,Panicum hallii var. hallii,PD24-2,TruSeq_Un1+TSBC08,ATCACG,TCAAGT
B1208,BFL,HUE.19.G2,HUE19,Sym,Panicum hallii var. hallii,PD25-3,TruSeq_Un1+TSBC16,ATCACG,GGACGG
B1629,BFL,HUE.19.G2,HUE19,Sym,Panicum hallii var. hallii,PD22-13,TruSeq_Un2+TSBC21,ACTTGA,GTTTCG
K1708,KINGS,HUE.19.G2,HUE19,Sym,Panicum hallii var. hallii,PD16-22,TruSeq_Un3+TSBC22,TAGCTT,CGTACG
K2007,KINGS,HUE.19.G2,HUE19,Sym,Panicum hallii var. hallii,PD24-19,TruSeq_Un3+TSBC16,TAGCTT,GGACGG
K2214,KINGS,HUE.19.G2,HUE19,Sym,Panicum hallii var. hallii,PD24-21,TruSeq_Un3+TSBC21,TAGCTT,GTTTCG
B1009,BFL,HWY.1.G1,HWY1,West,Panicum hallii var. hallii,PD18-2,TruSeq_Un1+TSBC19,ATCACG,GTGAAA
B1223,BFL,HWY.1.G1,HWY1,West,Panicum hallii var. hallii,PD25-4,TruSeq_Un1+TSBC19,ATCACG,GTGAAA
B1735,BFL,HWY.1.G1,HWY1,West,Panicum hallii var. hallii,PD23-9,TruSeq_Un2+TSBC03,ACTTGA,GCCTAA
K2410,KINGS,HWY.1.G1,HWY1,West,Panicum hallii var. hallii,PD23-28,TruSeq_Un4+TSBC19,GGCTAC,GTGAAA
K2605,KINGS,HWY.1.G1,HWY1,West,Panicum hallii var. hallii,PD25-14,TruSeq_Un2+TSBC22,ACTTGA,CGTACG
K2810,KINGS,HWY.1.G1,HWY1,West,Panicum hallii var. hallii,PD25-29,TruSeq_Un4+TSBC21,GGCTAC,GTTTCG
B1037,BFL,JHC.3.G2,JHC3,TexMex,Panicum hallii var. hallii,PD18-17,TruSeq_Un3+TSBC16,TAGCTT,GGACGG
B1518,BFL,JHC.3.G2,JHC3,TexMex,Panicum hallii var. hallii,PD21-13,TruSeq_Un2+TSBC21,ACTTGA,GTTTCG
B1539,BFL,JHC.3.G2,JHC3,TexMex,Panicum hallii var. hallii,PD21-26,TruSeq_Un4+TSBC08,GGCTAC,TCAAGT
K1904,KINGS,JHC.3.G2,JHC3,TexMex,Panicum hallii var. hallii,PD11-14,TruSeq_Un2+TSBC22,ACTTGA,CGTACG
K2401,KINGS,JHC.3.G2,JHC3,TexMex,Panicum hallii var. hallii,PD23-23,TruSeq_Un3+TSBC35,TAGCTT,CATTTT
K2611,KINGS,JHC.3.G2,JHC3,TexMex,Panicum hallii var. hallii,PD25-16,TruSeq_Un2+TSBC39,ACTTGA,CTATAC
B1241,BFL,KEN.3.G1,KEN3,TexMex,Panicum hallii var. hallii,PD19-26,TruSeq_Un4+TSBC16,GGCTAC,GGACGG
B1536,BFL,KEN.3.G1,KEN3,TexMex,Panicum hallii var. hallii,PD21-23,TruSeq_Un3+TSBC35,TAGCTT,CATTTT
B1620,BFL,KEN.3.G1,KEN3,TexMex,Panicum hallii var. hallii,PD22-8,TruSeq_Un1+TSBC39,ATCACG,CTATAC
K1806,KINGS,KEN.3.G1,KEN3,TexMex,Panicum hallii var. hallii,PD24-17,TruSeq_Un3+TSBC03,TAGCTT,GCCTAA
K2010,KINGS,KEN.3.G1,KEN3,TexMex,Panicum hallii var. hallii,PD17-13,TruSeq_Un2+TSBC22,ACTTGA,CGTACG
K2305,KINGS,KEN.3.G1,KEN3,TexMex,Panicum hallii var. hallii,PD23-17,TruSeq_Un3+TSBC03,TAGCTT,GCCTAA
B1014,BFL,KER.10.G1,KER10,CenTex,Panicum hallii var. hallii,PD18-5,TruSeq_Un1+TSBC35,ATCACG,CATTTT
B1132,BFL,KER.10.G1,KER10,CenTex,Panicum hallii var. hallii,PD19-4,TruSeq_Un1+TSBC19,ATCACG,GTGAAA
B1510,BFL,KER.10.G1,KER10,CenTex,Panicum hallii var. hallii,PD21-7,TruSeq_Un1+TSBC35,ATCACG,CATTTT
K1714,KINGS,KER.10.G1,KER10,CenTex,Panicum hallii var. hallii,PD16-27,TruSeq_Un4+TSBC16,GGCTAC,GGACGG
K2405,KINGS,KER.10.G1,KER10,CenTex,Panicum hallii var. hallii,PD23-25,TruSeq_Un4+TSBC03,GGCTAC,GCCTAA
K2814,KINGS,KER.10.G1,KER10,CenTex,Panicum hallii var. hallii,PD26-2,TruSeq_Un1+TSBC08,ATCACG,TCAAGT
B1110,BFL,KIC.6.G3,KIC6,TexMex,Panicum hallii var. hallii,PD18-24,TruSeq_Un4+TSBC08,GGCTAC,TCAAGT
B1137,BFL,KIC.6.G3,KIC6,TexMex,Panicum hallii var. hallii,PD19-7,TruSeq_Un1+TSBC35,ATCACG,CATTTT
B1728,BFL,KIC.6.G3,KIC6,TexMex,Panicum hallii var. hallii,PD23-7,TruSeq_Un1+TSBC35,ATCACG,CATTTT
K1108,KINGS,KIC.6.G3,KIC6,TexMex,Panicum hallii var. hallii,PD15-3,TruSeq_Un1+TSBC16,ATCACG,GGACGG
K1915,KINGS,KIC.6.G3,KIC6,TexMex,Panicum hallii var. hallii,PD17-9,TruSeq_Un2+TSBC03,ACTTGA,GCCTAA
K2017,KINGS,KIC.6.G3,KIC6,TexMex,Panicum hallii var. hallii,PD17-18,TruSeq_Un3+TSBC16,TAGCTT,GGACGG
B1032,BFL,KNT.14A.G2,KNT14A,West,Panicum hallii var. hallii,PD18-14,TruSeq_Un2+TSBC39,ACTTGA,CTATAC
B1216,BFL,KNT.14A.G2,KNT14A,West,Panicum hallii var. hallii,PD19-16,TruSeq_Un2+TSBC39,ACTTGA,CTATAC
B1407,BFL,KNT.14A.G2,KNT14A,West,Panicum hallii var. hallii,PD20-22,TruSeq_Un3+TSBC22,TAGCTT,CGTACG
K1516,KINGS,KNT.14A.G2,KNT14A,West,Panicum hallii var. hallii,PD16-5,TruSeq_Un1+TSBC21,ATCACG,GTTTCG
K2603,KINGS,KNT.14A.G2,KNT14A,West,Panicum hallii var. hallii,PD24-28,TruSeq_Un4+TSBC19,GGCTAC,GTGAAA
K2815,KINGS,KNT.14A.G2,KNT14A,West,Panicum hallii var. hallii,PD26-3,TruSeq_Un1+TSBC16,ATCACG,GGACGG
B1040,BFL,LAR.1A.G2,LAR1A,Coa&inl,Panicum hallii var. filipes,PD18-19,TruSeq_Un3+TSBC21,TAGCTT,GTTTCG
B1711,BFL,LAR.1A.G2,LAR1A,Coa&inl,Panicum hallii var. filipes,PD22-26,TruSeq_Un4+TSBC08,GGCTAC,TCAAGT
B1714,BFL,LAR.1A.G2,LAR1A,Coa&inl,Panicum hallii var. filipes,PD22-28,TruSeq_Un4+TSBC19,GGCTAC,GTGAAA
K1118,KINGS,LAR.1A.G2,LAR1A,Coa&inl,Panicum hallii var. filipes,PD15-8,TruSeq_Un1+TSBC39,ATCACG,CTATAC
K1317,KINGS,LAR.1A.G2,LAR1A,Coa&inl,Panicum hallii var. filipes,PD15-18,TruSeq_Un3+TSBC08,TAGCTT,TCAAGT
K1504,KINGS,LAR.1A.G2,LAR1A,Coa&inl,Panicum hallii var. filipes,PD15-29,TruSeq_Un4+TSBC21,GGCTAC,GTTTCG
B1414,BFL,LBY.3.G2,LBY3,West,Panicum hallii var. hallii,PD8-27,TruSeq_Un4+TSBC19,GGCTAC,GTGAAA
B1712,BFL,LBY.3.G2,LBY3,West,Panicum hallii var. hallii,PD8-28,TruSeq_Un4+TSBC21,GGCTAC,GTTTCG
BS1414,BFL_2,LBY.3.G2,LBY3,West,Panicum hallii var. hallii,PD8-7,TruSeq_Un1+TSBC39,ATCACG,CTATAC
BS1712,BFL_2,LBY.3.G2,LBY3,West,Panicum hallii var. hallii,PD8-8,TruSeq_Un1+JLBC42,ATCACG,TAATCG
K1202,KINGS,LBY.3.G2,LBY3,West,Panicum hallii var. hallii,PD8-17,TruSeq_Un3+TSBC03,TAGCTT,GCCTAA
K1213,KINGS,LBY.3.G2,LBY3,West,Panicum hallii var. hallii,PD8-18,TruSeq_Un3+TSBC16,TAGCTT,GGACGG
K1316,KINGS,LBY.3.G2,LBY3,West,Panicum hallii var. hallii,PD8-19,TruSeq_Un3+TSBC19,TAGCTT,GTGAAA
B1039,BFL,LMA.4.G2,LMA4,CenTex,Panicum hallii var. hallii,PD18-18,TruSeq_Un3+TSBC19,TAGCTT,GTGAAA
B1109,BFL,LMA.4.G2,LMA4,CenTex,Panicum hallii var. hallii,PD18-23,TruSeq_Un4+TSBC03,GGCTAC,GCCTAA
B1423,BFL,LMA.4.G2,LMA4,CenTex,Panicum hallii var. hallii,PD20-26,TruSeq_Un4+TSBC08,GGCTAC,TCAAGT
K2408,KINGS,LMA.4.G2,LMA4,CenTex,Panicum hallii var. hallii,PD23-27,TruSeq_Un4+TSBC16,GGCTAC,GGACGG
K2801,KINGS,LMA.4.G2,LMA4,CenTex,Panicum hallii var. hallii,PD25-24,TruSeq_Un3+TSBC39,TAGCTT,CTATAC
K2813,KINGS,LMA.4.G2,LMA4,CenTex,Panicum hallii var. hallii,PD26-1,TruSeq_Un1+TSBC03,ATCACG,GCCTAA
B1104,BFL,LME.5.G1,LME5,West,Panicum hallii var. hallii,PD9-21,TruSeq_Un3+TSBC21,TAGCTT,GTTTCG
B1435,BFL,LME.5.G1,LME5,West,Panicum hallii var. hallii,PD9-22,TruSeq_Un3+TSBC22,TAGCTT,CGTACG
BS1104,BFL_2,LME.5.G1,LME5,West,Panicum hallii var. hallii,PD9-1,TruSeq_Un1+TSBC03,ATCACG,GCCTAA
BS1435,BFL_2,LME.5.G1,LME5,West,Panicum hallii var. hallii,PD9-2,TruSeq_Un1+TSBC08,ATCACG,TCAAGT
K1302,KINGS,LME.5.G1,LME5,West,Panicum hallii var. hallii,PD9-9,TruSeq_Un2+TSBC03,ACTTGA,GCCTAA
K2413,KINGS,LME.5.G1,LME5,West,Panicum hallii var. hallii,PD9-10,TruSeq_Un2+TSBC08,ACTTGA,TCAAGT
K2710,KINGS,LME.5.G1,LME5,West,Panicum hallii var. hallii,PD9-11,TruSeq_Un2+TSBC16,ACTTGA,GGACGG
B1401,BFL,LOS.2.G1,LOS2,West,Panicum hallii var. hallii,PD20-19,TruSeq_Un3+TSBC16,TAGCTT,GGACGG
B1409,BFL,LOS.2.G1,LOS2,West,Panicum hallii var. hallii,PD20-23,TruSeq_Un3+TSBC35,TAGCTT,CATTTT
K1015,KINGS,LOS.2.G1,LOS2,West,Panicum hallii var. hallii,PD12-9,TruSeq_Un2+TSBC03,ACTTGA,GCCTAA
K2610,KINGS,LOS.2.G1,LOS2,West,Panicum hallii var. hallii,PD24-3,TruSeq_Un1+TSBC16,ATCACG,GGACGG
k2610,KINGS,LOS.2.G1,LOS2,West,Panicum hallii var. hallii,PD25-15,TruSeq_Un2+TSBC35,ACTTGA,CATTTT
K2703,KINGS,LOS.2.G1,LOS2,West,Panicum hallii var. hallii,PD13-28,TruSeq_Un4+TSBC19,GGCTAC,GTGAAA
B1312,BFL,MCM.1.G1,MCM1,Coa&inl,Panicum hallii var. filipes,PD20-3,TruSeq_Un1+TSBC16,ATCACG,GGACGG
B1316,BFL,MCM.1.G1,MCM1,Coa&inl,Panicum hallii var. filipes,PD20-4,TruSeq_Un1+TSBC19,ATCACG,GTGAAA
B1619,BFL,MCM.1.G1,MCM1,Coa&inl,Panicum hallii var. filipes,PD22-7,TruSeq_Un1+TSBC35,ATCACG,CATTTT
K1111,KINGS,MCM.1.G1,MCM1,Coa&inl,Panicum hallii var. filipes,PD15-5,TruSeq_Un1+TSBC21,ATCACG,GTTTCG
K1811,KINGS,MCM.1.G1,MCM1,Coa&inl,Panicum hallii var. filipes,PD17-2,TruSeq_Un1+TSBC08,ATCACG,TCAAGT
K2712,KINGS,MCM.1.G1,MCM1,Coa&inl,Panicum hallii var. filipes,PD25-19,TruSeq_Un3+TSBC16,TAGCTT,GGACGG
B1120,BFL,MCR.19.G2,MCR19,West,Panicum hallii var. hallii,PD18-26,TruSeq_Un4+TSBC19,GGCTAC,GTGAAA
B1306,BFL,MCR.19.G2,MCR19,West,Panicum hallii var. hallii,PD19-30,TruSeq_Un4+TSBC35,GGCTAC,CATTTT
B1436,BFL,MCR.19.G2,MCR19,West,Panicum hallii var. hallii,PD24-7,TruSeq_Un1+TSBC35,ATCACG,CATTTT
K1514,KINGS,MCR.19.G2,MCR19,West,Panicum hallii var. hallii,PD16-4,TruSeq_Un1+TSBC19,ATCACG,GTGAAA
K2106,KINGS,MCR.19.G2,MCR19,West,Panicum hallii var. hallii,PD17-21,TruSeq_Un3+TSBC22,TAGCTT,CGTACG
K2709,KINGS,MCR.19.G2,MCR19,West,Panicum hallii var. hallii,PD24-6,TruSeq_Un1+TSBC22,ATCACG,CGTACG
B1336,BFL,MKF.1.G1,MKF1,CenTex,Panicum hallii var. hallii,PD20-14,TruSeq_Un2+TSBC22,ACTTGA,CGTACG
B1637,BFL,MKF.1.G1,MKF1,CenTex,Panicum hallii var. hallii,PD22-17,TruSeq_Un3+TSBC03,TAGCTT,GCCTAA
K1402,KINGS,MKF.1.G1,MKF1,CenTex,Panicum hallii var. hallii,PD15-19,TruSeq_Un3+TSBC16,TAGCTT,GGACGG
K2304,KINGS,MKF.1.G1,MKF1,CenTex,Panicum hallii var. hallii,PD23-16,TruSeq_Un2+TSBC39,ACTTGA,CTATAC
K2313,KINGS,MKF.1.G1,MKF1,CenTex,Panicum hallii var. hallii,PD23-20,TruSeq_Un3+TSBC19,TAGCTT,GTGAAA
B1234,BFL,MVF.1.G1,MVF1,NA,Panicum hallii var. hallii,PD19-25,TruSeq_Un4+TSBC08,GGCTAC,TCAAGT
B1339,BFL,MVF.1.G1,MVF1,NA,Panicum hallii var. hallii,PD20-17,TruSeq_Un3+TSBC03,TAGCTT,GCCTAA
B1537,BFL,MVF.1.G1,MVF1,NA,Panicum hallii var. hallii,PD21-24,TruSeq_Un3+TSBC39,TAGCTT,CTATAC
K1613,KINGS,MVF.1.G1,MVF1,NA,Panicum hallii var. hallii,PD16-14,TruSeq_Un2+TSBC22,ACTTGA,CGTACG
K1914,KINGS,MVF.1.G1,MVF1,NA,Panicum hallii var. hallii,PD11-20,TruSeq_Un3+TSBC19,TAGCTT,GTGAAA
K2202,KINGS,MVF.1.G1,MVF1,NA,Panicum hallii var. hallii,PD17-26,TruSeq_Un4+TSBC16,GGCTAC,GGACGG
B1315,BFL,NDD.1.G1,NDD1,TexMex,Panicum hallii var. hallii,PD2-27,TruSeq_Un4+TSBC16,GGCTAC,GGACGG
B1319,BFL,NDD.1.G1,NDD1,TexMex,Panicum hallii var. hallii,PD2-28,TruSeq_Un4+TSBC19,GGCTAC,GTGAAA
B1715,BFL,NDD.1.G1,NDD1,TexMex,Panicum hallii var. hallii,PD2-29,TruSeq_Un4+TSBC21,GGCTAC,GTTTCG
BS1315,BFL_2,NDD.1.G1,NDD1,TexMex,Panicum hallii var. hallii,PD2-7,TruSeq_Un1+TSBC35,ATCACG,CATTTT
BS1319,BFL_2,NDD.1.G1,NDD1,TexMex,Panicum hallii var. hallii,PD2-8,TruSeq_Un1+TSBC39,ATCACG,CTATAC
BS1715,BFL_2,NDD.1.G1,NDD1,TexMex,Panicum hallii var. hallii,PD2-9,TruSeq_Un2+TSBC03,ACTTGA,GCCTAA
K2117,KINGS,NDD.1.G1,NDD1,TexMex,Panicum hallii var. hallii,PD2-17,TruSeq_Un3+TSBC03,TAGCTT,GCCTAA
K2314,KINGS,NDD.1.G1,NDD1,TexMex,Panicum hallii var. hallii,PD2-18,TruSeq_Un3+TSBC08,TAGCTT,TCAAGT
K2404,KINGS,NDD.1.G1,NDD1,TexMex,Panicum hallii var. hallii,PD2-19,TruSeq_Un3+TSBC16,TAGCTT,GGACGG
B1122,BFL,NDP.2.G3,NDP2,Coa&inl,Panicum hallii var. filipes,PD18-28,TruSeq_Un4+TSBC22,GGCTAC,CGTACG
B1520,BFL,NDP.2.G3,NDP2,Coa&inl,Panicum hallii var. filipes,PD21-14,TruSeq_Un2+TSBC22,ACTTGA,CGTACG
B1616,BFL,NDP.2.G3,NDP2,Coa&inl,Panicum hallii var. filipes,PD22-6,TruSeq_Un1+TSBC22,ATCACG,CGTACG
K1013,KINGS,NDP.2.G3,NDP2,Coa&inl,Panicum hallii var. filipes,PD15-1,TruSeq_Un1+TSBC03,ATCACG,GCCTAA
K1214,KINGS,NDP.2.G3,NDP2,Coa&inl,Panicum hallii var. filipes,PD15-13,TruSeq_Un2+TSBC21,ACTTGA,GTTTCG
K1804,KINGS,NDP.2.G3,NDP2,Coa&inl,Panicum hallii var. filipes,PD16-30,TruSeq_Un4+TSBC22,GGCTAC,CGTACG
B1311,BFL,NMX.1.G1,NMX1,West,Panicum hallii var. hallii,PD20-2,TruSeq_Un1+TSBC08,ATCACG,TCAAGT
B1628,BFL,NMX.1.G1,NMX1,West,Panicum hallii var. hallii,PD22-12,TruSeq_Un2+TSBC19,ACTTGA,GTGAAA
B1738,BFL,NMX.1.G1,NMX1,West,Panicum hallii var. hallii,PD23-10,TruSeq_Un2+TSBC08,ACTTGA,TCAAGT
K1616,KINGS,NMX.1.G1,NMX1,West,Panicum hallii var. hallii,PD16-16,TruSeq_Un2+TSBC39,ACTTGA,CTATAC
K2113,KINGS,NMX.1.G1,NMX1,West,Panicum hallii var. hallii,PD13-5,TruSeq_Un1+TSBC21,ATCACG,GTTTCG
K2309,KINGS,NMX.1.G1,NMX1,West,Panicum hallii var. hallii,PD25-13,TruSeq_Un2+TSBC21,ACTTGA,GTTTCG
B1116,BFL,NOH.5.G2,NOH5,Coastal,Panicum hallii var. hallii,PD10-8,TruSeq_Un1+TSBC39,ATCACG,CTATAC
B1606,BFL,NOH.5.G2,NOH5,Coastal,Panicum hallii var. hallii,PD25-7,TruSeq_Un1+TSBC35,ATCACG,CATTTT
B1627,BFL,NOH.5.G2,NOH5,Coastal,Panicum hallii var. hallii,PD22-11,TruSeq_Un2+TSBC16,ACTTGA,GGACGG
K1305,KINGS,NOH.5.G2,NOH5,Coastal,Panicum hallii var. hallii,PD12-23,TruSeq_Un3+TSBC35,TAGCTT,CATTTT
K1512,KINGS,NOH.5.G2,NOH5,Coastal,Panicum hallii var. hallii,PD16-2,TruSeq_Un1+TSBC08,ATCACG,TCAAGT
K1901,KINGS,NOH.5.G2,NOH5,Coastal,Panicum hallii var. hallii,PD11-12,TruSeq_Un2+TSBC19,ACTTGA,GTGAAA
B1021,BFL,NUE.1.F,NUE1,Coastal,Panicum hallii var. filipes,PD18-7,TruSeq_Un2+TSBC03,ACTTGA,GCCTAA
B1141,BFL,NUE.1.F,NUE1,Coastal,Panicum hallii var. filipes,PD19-8,TruSeq_Un1+TSBC39,ATCACG,CTATAC
K1615,KINGS,NUE.1.F,NUE1,Coastal,Panicum hallii var. filipes,PD16-15,TruSeq_Un2+TSBC35,ACTTGA,CATTTT
K1911,KINGS,NUE.1.F,NUE1,Coastal,Panicum hallii var. filipes,PD11-19,TruSeq_Un3+TSBC16,TAGCTT,GGACGG
K2212,KINGS,NUE.1.F,NUE1,Coastal,Panicum hallii var. filipes,PD17-29,TruSeq_Un4+TSBC22,GGCTAC,CGTACG
B1433,BFL,PAB.1.F,PAB1,Coastal,Panicum hallii var. filipes,PD20-30,TruSeq_Un4+TSBC22,GGCTAC,CGTACG
B1609,BFL,PAB.1.F,PAB1,Coastal,Panicum hallii var. filipes,PD22-1,TruSeq_Un1+TSBC03,ATCACG,GCCTAA
B1701,BFL,PAB.1.F,PAB1,Coastal,Panicum hallii var. filipes,PD22-20,TruSeq_Un3+TSBC19,TAGCTT,GTGAAA
K1011,KINGS,PAB.1.F,PAB1,Coastal,Panicum hallii var. filipes,PD12-8,TruSeq_Un1+TSBC39,ATCACG,CTATAC
K1505,KINGS,PAB.1.F,PAB1,Coastal,Panicum hallii var. filipes,PD15-30,TruSeq_Un4+TSBC22,GGCTAC,CGTACG
K1715,KINGS,PAB.1.F,PAB1,Coastal,Panicum hallii var. filipes,PD16-28,TruSeq_Un4+TSBC19,GGCTAC,GTGAAA
B1005,BFL,PAJ.17.G1,PAJ17,Sym,Panicum hallii var. hallii,PD3-21,TruSeq_Un3+TSBC21,TAGCTT,GTTTCG
B1217,BFL,PAJ.17.G1,PAJ17,Sym,Panicum hallii var. hallii,PD3-22,TruSeq_Un3+TSBC22,TAGCTT,CGTACG
B1506,BFL,PAJ.17.G1,PAJ17,Sym,Panicum hallii var. hallii,PD3-23,TruSeq_Un3+TSBC35,TAGCTT,CATTTT
BS1005,BFL_2,PAJ.17.G1,PAJ17,Sym,Panicum hallii var. hallii,PD3-1,TruSeq_Un1+TSBC03,ATCACG,GCCTAA
BS1217,BFL_2,PAJ.17.G1,PAJ17,Sym,Panicum hallii var. hallii,PD3-2,TruSeq_Un1+TSBC08,ATCACG,TCAAGT
BS1506,BFL_2,PAJ.17.G1,PAJ17,Sym,Panicum hallii var. hallii,PD3-3,TruSeq_Un1+TSBC16,ATCACG,GGACGG
K1103,KINGS,PAJ.17.G1,PAJ17,Sym,Panicum hallii var. hallii,PD3-11,TruSeq_Un2+TSBC16,ACTTGA,GGACGG
K1205,KINGS,PAJ.17.G1,PAJ17,Sym,Panicum hallii var. hallii,PD3-12,TruSeq_Un2+TSBC19,ACTTGA,GTGAAA
K1506,KINGS,PAJ.17.G1,PAJ17,Sym,Panicum hallii var. hallii,PD3-13,TruSeq_Un2+TSBC21,ACTTGA,GTTTCG
B1421,BFL,PCR.61.G1,PCR61,West,Panicum hallii var. hallii,PD9-23,TruSeq_Un3+TSBC35,TAGCTT,CATTTT
B1529,BFL,PCR.61.G1,PCR61,West,Panicum hallii var. hallii,PD9-24,TruSeq_Un3+TSBC39,TAGCTT,CTATAC
BS1529,BFL_2,PCR.61.G1,PCR61,West,Panicum hallii var. hallii,PD9-3,TruSeq_Un1+TSBC16,ATCACG,GGACGG
K1014,KINGS,PCR.61.G1,PCR61,West,Panicum hallii var. hallii,PD9-12,TruSeq_Un2+TSBC19,ACTTGA,GTGAAA
K1413,KINGS,PCR.61.G1,PCR61,West,Panicum hallii var. hallii,PD9-13,TruSeq_Un2+TSBC21,ACTTGA,GTTTCG
K2809,KINGS,PCR.61.G1,PCR61,West,Panicum hallii var. hallii,PD9-14,TruSeq_Un2+TSBC22,ACTTGA,CGTACG
B1204,BFL,PDB.2.G2,PDB2,West,Panicum hallii var. hallii,PD19-10,TruSeq_Un2+TSBC08,ACTTGA,TCAAGT
B1613,BFL,PDB.2.G2,PDB2,West,Panicum hallii var. hallii,PD22-3,TruSeq_Un1+TSBC16,ATCACG,GGACGG
B1718,BFL,PDB.2.G2,PDB2,West,Panicum hallii var. hallii,PD22-30,TruSeq_Un4+TSBC22,GGCTAC,CGTACG
K1511,KINGS,PDB.2.G2,PDB2,West,Panicum hallii var. hallii,PD16-1,TruSeq_Un1+TSBC03,ATCACG,GCCTAA
K1603,KINGS,PDB.2.G2,PDB2,West,Panicum hallii var. hallii,PD16-10,TruSeq_Un2+TSBC08,ACTTGA,TCAAGT
K2514,KINGS,PDB.2.G2,PDB2,West,Panicum hallii var. hallii,PD24-27,TruSeq_Un4+TSBC16,GGCTAC,GGACGG
B1236,BFL,PDF.1.G1,PDF1,West,Panicum hallii var. hallii,PD2-24,TruSeq_Un3+TSBC39,TAGCTT,CTATAC
B1420,BFL,PDF.1.G1,PDF1,West,Panicum hallii var. hallii,PD2-25,TruSeq_Un4+TSBC03,GGCTAC,GCCTAA
B1434,BFL,PDF.1.G1,PDF1,West,Panicum hallii var. hallii,PD2-26,TruSeq_Un4+TSBC08,GGCTAC,TCAAGT
BS1236,BFL_2,PDF.1.G1,PDF1,West,Panicum hallii var. hallii,PD2-4,TruSeq_Un1+TSBC19,ATCACG,GTGAAA
BS1420,BFL_2,PDF.1.G1,PDF1,West,Panicum hallii var. hallii,PD2-5,TruSeq_Un1+TSBC21,ATCACG,GTTTCG
BS1434,BFL_2,PDF.1.G1,PDF1,West,Panicum hallii var. hallii,PD2-6,TruSeq_Un1+TSBC22,ATCACG,CGTACG
K1208,KINGS,PDF.1.G1,PDF1,West,Panicum hallii var. hallii,PD2-14,TruSeq_Un2+TSBC22,ACTTGA,CGTACG
K1617,KINGS,PDF.1.G1,PDF1,West,Panicum hallii var. hallii,PD2-15,TruSeq_Un2+TSBC35,ACTTGA,CATTTT
K1815,KINGS,PDF.1.G1,PDF1,West,Panicum hallii var. hallii,PD2-16,TruSeq_Un2+TSBC39,ACTTGA,CTATAC
B1321,BFL,PDL.4.G1,PDL4,West,Panicum hallii var. hallii,PD20-6,TruSeq_Un1+TSBC22,ATCACG,CGTACG
B1713,BFL,PDL.4.G1,PDL4,West,Panicum hallii var. hallii,PD22-27,TruSeq_Un4+TSBC16,GGCTAC,GGACGG
B1739,BFL,PDL.4.G1,PDL4,West,Panicum hallii var. hallii,PD23-11,TruSeq_Un2+TSBC16,ACTTGA,GGACGG
K1007,KINGS,PDL.4.G1,PDL4,West,Panicum hallii var. hallii,PD12-4,TruSeq_Un1+TSBC19,ATCACG,GTGAAA
K1903,KINGS,PDL.4.G1,PDL4,West,Panicum hallii var. hallii,PD17-7,TruSeq_Un1+TSBC35,ATCACG,CATTTT
K2009,KINGS,PDL.4.G1,PDL4,West,Panicum hallii var. hallii,PD17-12,TruSeq_Un2+TSBC21,ACTTGA,GTTTCG
B1538,BFL,PDS.1.G1,PDS1,West,Panicum hallii var. hallii,PD21-25,TruSeq_Un4+TSBC03,GGCTAC,GCCTAA
B1706,BFL,PDS.1.G1,PDS1,West,Panicum hallii var. hallii,PD22-23,TruSeq_Un3+TSBC35,TAGCTT,CATTTT
K1415,KINGS,PDS.1.G1,PDS1,West,Panicum hallii var. hallii,PD15-26,TruSeq_Un4+TSBC08,GGCTAC,TCAAGT
K1817,KINGS,PDS.1.G1,PDS1,West,Panicum hallii var. hallii,PD17-6,TruSeq_Un1+TSBC22,ATCACG,CGTACG
K2208,KINGS,PDS.1.G1,PDS1,West,Panicum hallii var. hallii,PD17-27,TruSeq_Un4+TSBC19,GGCTAC,GTGAAA
B1001,BFL,PIN.1.G2,PIN1,West,Panicum hallii var. hallii,PD25-1,TruSeq_Un1+TSBC03,ATCACG,GCCTAA
B1615,BFL,PIN.1.G2,PIN1,West,Panicum hallii var. hallii,PD22-5,TruSeq_Un1+TSBC21,ATCACG,GTTTCG
B1707,BFL,PIN.1.G2,PIN1,West,Panicum hallii var. hallii,PD22-24,TruSeq_Un3+TSBC39,TAGCTT,CTATAC
K1518,KINGS,PIN.1.G2,PIN1,West,Panicum hallii var. hallii,PD16-7,TruSeq_Un1+TSBC35,ATCACG,CATTTT
K1518,KINGS,PIN.1.G2,PIN1,West,Panicum hallii var. hallii,PD24-14,TruSeq_Un2+TSBC22,ACTTGA,CGTACG
K2515,KINGS,PIN.1.G2,PIN1,West,Panicum hallii var. hallii,PD13-19,TruSeq_Un3+TSBC16,TAGCTT,GGACGG
K2804,KINGS,PIN.1.G2,PIN1,West,Panicum hallii var. hallii,PD25-26,TruSeq_Un4+TSBC08,GGCTAC,TCAAGT
B1035,BFL,PIS.2.G2,PIS2,Sym,Panicum hallii var. hallii,PD18-16,TruSeq_Un3+TSBC08,TAGCTT,TCAAGT
B1424,BFL,PIS.2.G2,PIS2,Sym,Panicum hallii var. hallii,PD20-27,TruSeq_Un4+TSBC16,GGCTAC,GGACGG
B1624,BFL,PIS.2.G2,PIS2,Sym,Panicum hallii var. hallii,PD22-10,TruSeq_Un2+TSBC08,ACTTGA,TCAAGT
K1309,KINGS,PIS.2.G2,PIS2,Sym,Panicum hallii var. hallii,PD15-14,TruSeq_Un2+TSBC22,ACTTGA,CGTACG
K1807,KINGS,PIS.2.G2,PIS2,Sym,Panicum hallii var. hallii,PD24-18,TruSeq_Un3+TSBC08,TAGCTT,TCAAGT
K2213,KINGS,PIS.2.G2,PIS2,Sym,Panicum hallii var. hallii,PD17-30,TruSeq_Un4+TSBC35,GGCTAC,CATTTT
B1136,BFL,POI.3.G4,POI3,Sym,Panicum hallii var. hallii,PD19-6,TruSeq_Un1+TSBC22,ATCACG,CGTACG
B1227,BFL,POI.3.G4,POI3,Sym,Panicum hallii var. hallii,PD19-19,TruSeq_Un3+TSBC19,TAGCTT,GTGAAA
B1323,BFL,POI.3.G4,POI3,Sym,Panicum hallii var. hallii,PD20-8,TruSeq_Un1+TSBC39,ATCACG,CTATAC
K1403,KINGS,POI.3.G4,POI3,Sym,Panicum hallii var. hallii,PD15-20,TruSeq_Un3+TSBC19,TAGCTT,GTGAAA
K1510,KINGS,POI.3.G4,POI3,Sym,Panicum hallii var. hallii,PD24-13,TruSeq_Un2+TSBC21,ACTTGA,GTTTCG
K1905,KINGS,POI.3.G4,POI3,Sym,Panicum hallii var. hallii,PD11-15,TruSeq_Un2+TSBC35,ACTTGA,CATTTT
B1203,BFL,PRT.4.G1,PRT4,West,Panicum hallii var. hallii,PD7-21,TruSeq_Un3+TSBC22,TAGCTT,CGTACG
B1417,BFL,PRT.4.G1,PRT4,West,Panicum hallii var. hallii,PD7-22,TruSeq_Un3+TSBC35,TAGCTT,CATTTT
B1732,BFL,PRT.4.G1,PRT4,West,Panicum hallii var. hallii,PD7-23,TruSeq_Un3+TSBC39,TAGCTT,CTATAC
BS1203,BFL_2,PRT.4.G1,PRT4,West,Panicum hallii var. hallii,PD7-1,TruSeq_Un1+TSBC03,ATCACG,GCCTAA
BS1417,BFL_2,PRT.4.G1,PRT4,West,Panicum hallii var. hallii,PD7-2,TruSeq_Un1+TSBC16,ATCACG,GGACGG
BS1732,BFL_2,PRT.4.G1,PRT4,West,Panicum hallii var. hallii,PD7-3,TruSeq_Un1+TSBC19,ATCACG,GTGAAA
k1716,KINGS,PRT.4.G1,PRT4,West,Panicum hallii var. hallii,PD7-10,TruSeq_Un2+TSBC16,ACTTGA,GGACGG
k2302,KINGS,PRT.4.G1,PRT4,West,Panicum hallii var. hallii,PD7-11,TruSeq_Un2+TSBC19,ACTTGA,GTGAAA
K2713,KINGS,PRT.4.G1,PRT4,West,Panicum hallii var. hallii,PD7-12,TruSeq_Un2+TSBC21,ACTTGA,GTTTCG
K2713,KINGS,PRT.4.G1,PRT4,West,Panicum hallii var. hallii,PD25-20,TruSeq_Un3+TSBC19,TAGCTT,GTGAAA
B1232,BFL,RAN.5.G1,RAN5,West,Panicum hallii var. hallii,PD19-23,TruSeq_Un3+TSBC39,TAGCTT,CTATAC
B1233,BFL,RAN.5.G1,RAN5,West,Panicum hallii var. hallii,PD19-24,TruSeq_Un4+TSBC03,GGCTAC,GCCTAA
B1333,BFL,RAN.5.G1,RAN5,West,Panicum hallii var. hallii,PD20-13,TruSeq_Un2+TSBC21,ACTTGA,GTTTCG
K1117,KINGS,RAN.5.G1,RAN5,West,Panicum hallii var. hallii,PD15-7,TruSeq_Un1+TSBC35,ATCACG,CATTTT
K2705,KINGS,RAN.5.G1,RAN5,West,Panicum hallii var. hallii,PD24-5,TruSeq_Un1+TSBC21,ATCACG,GTTTCG
B1011,BFL,SAN.9.G1,SAN9,TexMex,Panicum hallii var. hallii,PD18-4,TruSeq_Un1+TSBC22,ATCACG,CGTACG
B1515,BFL,SAN.9.G1,SAN9,TexMex,Panicum hallii var. hallii,PD21-10,TruSeq_Un2+TSBC08,ACTTGA,TCAAGT
B1523,BFL,SAN.9.G1,SAN9,TexMex,Panicum hallii var. hallii,PD21-16,TruSeq_Un2+TSBC39,ACTTGA,CTATAC
K1312,KINGS,SAN.9.G1,SAN9,TexMex,Panicum hallii var. hallii,PD15-16,TruSeq_Un2+TSBC39,ACTTGA,CTATAC
K1710,KINGS,SAN.9.G1,SAN9,TexMex,Panicum hallii var. hallii,PD16-24,TruSeq_Un3+TSBC39,TAGCTT,CTATAC
K2115,KINGS,SAN.9.G1,SAN9,TexMex,Panicum hallii var. hallii,PD17-23,TruSeq_Un3+TSBC39,TAGCTT,CTATAC
B1201,BFL,SAP.6.G1,SAP6,TexMex,Panicum hallii var. hallii,PD19-9,TruSeq_Un2+TSBC03,ACTTGA,GCCTAA
B1511,BFL,SAP.6.G1,SAP6,TexMex,Panicum hallii var. hallii,PD21-8,TruSeq_Un1+TSBC39,ATCACG,CTATAC
B1632,BFL,SAP.6.G1,SAP6,TexMex,Panicum hallii var. hallii,PD22-14,TruSeq_Un2+TSBC22,ACTTGA,CGTACG
K1315,KINGS,SAP.6.G1,SAP6,TexMex,Panicum hallii var. hallii,PD15-17,TruSeq_Un3+TSBC03,TAGCTT,GCCTAA
K1411,KINGS,SAP.6.G1,SAP6,TexMex,Panicum hallii var. hallii,PD15-25,TruSeq_Un4+TSBC03,GGCTAC,GCCTAA
B1129,BFL,SEM.2A.G2,SEM2A,TexMex,Panicum hallii var. hallii,PD3-24,TruSeq_Un3+TSBC39,TAGCTT,CTATAC
B1206,BFL,SEM.2A.G2,SEM2A,TexMex,Panicum hallii var. hallii,PD3-25,TruSeq_Un4+TSBC03,GGCTAC,GCCTAA
B1708,BFL,SEM.2A.G2,SEM2A,TexMex,Panicum hallii var. hallii,PD3-26,TruSeq_Un4+TSBC08,GGCTAC,TCAAGT
BS1129,BFL_2,SEM.2A.G2,SEM2A,TexMex,Panicum hallii var. hallii,PD3-4,TruSeq_Un1+TSBC19,ATCACG,GTGAAA
BS1206,BFL_2,SEM.2A.G2,SEM2A,TexMex,Panicum hallii var. hallii,PD3-5,TruSeq_Un1+TSBC21,ATCACG,GTTTCG
BS1708,BFL_2,SEM.2A.G2,SEM2A,TexMex,Panicum hallii var. hallii,PD3-6,TruSeq_Un1+TSBC22,ATCACG,CGTACG
K1209,KINGS,SEM.2A.G2,SEM2A,TexMex,Panicum hallii var. hallii,PD3-14,TruSeq_Un2+TSBC22,ACTTGA,CGTACG
K2107,KINGS,SEM.2A.G2,SEM2A,TexMex,Panicum hallii var. hallii,PD3-15,TruSeq_Un2+TSBC35,ACTTGA,CATTTT
K2110,KINGS,SEM.2A.G2,SEM2A,TexMex,Panicum hallii var. hallii,PD3-16,TruSeq_Un2+TSBC39,ACTTGA,CTATAC
B1240,BFL,SEV.2.G1,SEV2,West,Panicum hallii var. hallii,PD9-25,TruSeq_Un4+TSBC03,GGCTAC,GCCTAA
B1519,BFL,SEV.2.G1,SEV2,West,Panicum hallii var. hallii,PD9-26,TruSeq_Un4+TSBC08,GGCTAC,TCAAGT
B1611,BFL,SEV.2.G1,SEV2,West,Panicum hallii var. hallii,PD9-27,TruSeq_Un4+TSBC16,GGCTAC,GGACGG
BS1519,BFL_2,SEV.2.G1,SEV2,West,Panicum hallii var. hallii,PD9-4,TruSeq_Un1+TSBC19,ATCACG,GTGAAA
BS1611,BFL_2,SEV.2.G1,SEV2,West,Panicum hallii var. hallii,PD9-5,TruSeq_Un1+TSBC21,ATCACG,GTTTCG
K1608,KINGS,SEV.2.G1,SEV2,West,Panicum hallii var. hallii,PD9-15,TruSeq_Un2+TSBC35,ACTTGA,CATTTT
K1608,KINGS,SEV.2.G1,SEV2,West,Panicum hallii var. hallii,PD24-15,TruSeq_Un2+TSBC35,ACTTGA,CATTTT
K1712,KINGS,SEV.2.G1,SEV2,West,Panicum hallii var. hallii,PD9-16,TruSeq_Un2+TSBC39,ACTTGA,CTATAC
K1712,KINGS,SEV.2.G1,SEV2,West,Panicum hallii var. hallii,PD24-16,TruSeq_Un2+TSBC39,ACTTGA,CTATAC
K2411,KINGS,SEV.2.G1,SEV2,West,Panicum hallii var. hallii,PD9-17,TruSeq_Un3+TSBC03,TAGCTT,GCCTAA
B1123,BFL,SLS.5.G3,SLS5,TexMex,Panicum hallii var. hallii,PD18-29,TruSeq_Un4+TSBC35,GGCTAC,CATTTT
B1318,BFL,SLS.5.G3,SLS5,TexMex,Panicum hallii var. hallii,PD20-5,TruSeq_Un1+TSBC21,ATCACG,GTTTCG
B1531,BFL,SLS.5.G3,SLS5,TexMex,Panicum hallii var. hallii,PD21-20,TruSeq_Un3+TSBC19,TAGCTT,GTGAAA
K1102,KINGS,SLS.5.G3,SLS5,TexMex,Panicum hallii var. hallii,PD12-12,TruSeq_Un2+TSBC19,ACTTGA,GTGAAA
K1301,KINGS,SLS.5.G3,SLS5,TexMex,Panicum hallii var. hallii,PD12-21,TruSeq_Un3+TSBC21,TAGCTT,GTTTCG
K1405,KINGS,SLS.5.G3,SLS5,TexMex,Panicum hallii var. hallii,PD15-22,TruSeq_Un3+TSBC22,TAGCTT,CGTACG
B1403,BFL,SMF.BK.F,SMFBK,CenTex,Panicum hallii var. hallii,PD20-20,TruSeq_Un3+TSBC19,TAGCTT,GTGAAA
B1505,BFL,SMF.BK.F,SMFBK,CenTex,Panicum hallii var. hallii,PD21-4,TruSeq_Un1+TSBC19,ATCACG,GTGAAA
B1622,BFL,SMF.BK.F,SMFBK,CenTex,Panicum hallii var. hallii,PD22-9,TruSeq_Un2+TSBC03,ACTTGA,GCCTAA
K1404,KINGS,SMF.BK.F,SMFBK,CenTex,Panicum hallii var. hallii,PD15-21,TruSeq_Un3+TSBC21,TAGCTT,GTTTCG
K2308,KINGS,SMF.BK.F,SMFBK,CenTex,Panicum hallii var. hallii,PD23-18,TruSeq_Un3+TSBC08,TAGCTT,TCAAGT
K2512,KINGS,SMF.BK.F,SMFBK,CenTex,Panicum hallii var. hallii,PD24-26,TruSeq_Un4+TSBC08,GGCTAC,TCAAGT
B1131,BFL,SMT.1.G2,SMT1,TexMex,Panicum hallii var. hallii,PD19-3,TruSeq_Un1+TSBC16,ATCACG,GGACGG
B1330,BFL,SMT.1.G2,SMT1,TexMex,Panicum hallii var. hallii,PD20-11,TruSeq_Un2+TSBC16,ACTTGA,GGACGG
B1521,BFL,SMT.1.G2,SMT1,TexMex,Panicum hallii var. hallii,PD21-15,TruSeq_Un2+TSBC35,ACTTGA,CATTTT
K1016,KINGS,SMT.1.G2,SMT1,TexMex,Panicum hallii var. hallii,PD12-10,TruSeq_Un2+TSBC08,ACTTGA,TCAAGT
K1609,KINGS,SMT.1.G2,SMT1,TexMex,Panicum hallii var. hallii,PD16-12,TruSeq_Un2+TSBC19,ACTTGA,GTGAAA
K2701,KINGS,SMT.1.G2,SMT1,TexMex,Panicum hallii var. hallii,PD24-4,TruSeq_Un1+TSBC19,ATCACG,GTGAAA
B1102,BFL,SNO.7.G1,SNO7,West,Panicum hallii var. hallii,PD18-21,TruSeq_Un3+TSBC35,TAGCTT,CATTTT
B1126,BFL,SNO.7.G1,SNO7,West,Panicum hallii var. hallii,PD19-1,TruSeq_Un1+TSBC03,ATCACG,GCCTAA
B1722,BFL,SNO.7.G1,SNO7,West,Panicum hallii var. hallii,PD23-2,TruSeq_Un1+TSBC08,ATCACG,TCAAGT
K1109,KINGS,SNO.7.G1,SNO7,West,Panicum hallii var. hallii,PD15-4,TruSeq_Un1+TSBC19,ATCACG,GTGAAA
K1513,KINGS,SNO.7.G1,SNO7,West,Panicum hallii var. hallii,PD16-3,TruSeq_Un1+TSBC16,ATCACG,GGACGG
K1812,KINGS,SNO.7.G1,SNO7,West,Panicum hallii var. hallii,PD17-3,TruSeq_Un1+TSBC16,ATCACG,GGACGG
B1119,BFL,SPE.34.G2,SPE34,West,Panicum hallii var. hallii,PD3-27,TruSeq_Un4+TSBC16,GGCTAC,GGACGG
B1139,BFL,SPE.34.G2,SPE34,West,Panicum hallii var. hallii,PD3-28,TruSeq_Un4+TSBC19,GGCTAC,GTGAAA
B1238,BFL,SPE.34.G2,SPE34,West,Panicum hallii var. hallii,PD3-29,TruSeq_Un4+TSBC21,GGCTAC,GTTTCG
BS1119,BFL_2,SPE.34.G2,SPE34,West,Panicum hallii var. hallii,PD3-7,TruSeq_Un1+TSBC35,ATCACG,CATTTT
BS1139,BFL_2,SPE.34.G2,SPE34,West,Panicum hallii var. hallii,PD3-8,TruSeq_Un1+TSBC39,ATCACG,CTATAC
BS1238,BFL_2,SPE.34.G2,SPE34,West,Panicum hallii var. hallii,PD3-9,TruSeq_Un2+TSBC03,ACTTGA,GCCTAA
K1410,KINGS,SPE.34.G2,SPE34,West,Panicum hallii var. hallii,PD3-17,TruSeq_Un3+TSBC03,TAGCTT,GCCTAA
K1416,KINGS,SPE.34.G2,SPE34,West,Panicum hallii var. hallii,PD3-18,TruSeq_Un3+TSBC08,TAGCTT,TCAAGT
K2503,KINGS,SPE.34.G2,SPE34,West,Panicum hallii var. hallii,PD3-19,TruSeq_Un3+TSBC16,TAGCTT,GGACGG
B1008,BFL,SPJ.2.G2,SPJ2,CenTex,Panicum hallii var. hallii,PD4-21,TruSeq_Un3+TSBC21,TAGCTT,GTTTCG
B1015,BFL,SPJ.2.G2,SPJ2,CenTex,Panicum hallii var. hallii,PD4-22,TruSeq_Un3+TSBC22,TAGCTT,CGTACG
B1237,BFL,SPJ.2.G2,SPJ2,CenTex,Panicum hallii var. hallii,PD4-23,TruSeq_Un3+TSBC35,TAGCTT,CATTTT
BS1008,BFL_2,SPJ.2.G2,SPJ2,CenTex,Panicum hallii var. hallii,PD4-1,TruSeq_Un1+TSBC03,ATCACG,GCCTAA
BS1015,BFL_2,SPJ.2.G2,SPJ2,CenTex,Panicum hallii var. hallii,PD4-2,TruSeq_Un1+TSBC08,ATCACG,TCAAGT
BS1237,BFL_2,SPJ.2.G2,SPJ2,CenTex,Panicum hallii var. hallii,PD4-3,TruSeq_Un1+TSBC16,ATCACG,GGACGG
K1705,KINGS,SPJ.2.G2,SPJ2,CenTex,Panicum hallii var. hallii,PD4-11,TruSeq_Un2+TSBC16,ACTTGA,GGACGG
K2204,KINGS,SPJ.2.G2,SPJ2,CenTex,Panicum hallii var. hallii,PD4-12,TruSeq_Un2+TSBC19,ACTTGA,GTGAAA
K2306,KINGS,SPJ.2.G2,SPJ2,CenTex,Panicum hallii var. hallii,PD4-13,TruSeq_Un2+TSBC21,ACTTGA,GTTTCG
B1105,BFL,SPR.30.G3,SPR30,West,Panicum hallii var. hallii,PD18-22,TruSeq_Un3+TSBC39,TAGCTT,CTATAC
B1134,BFL,SPR.30.G3,SPR30,West,Panicum hallii var. hallii,PD19-5,TruSeq_Un1+TSBC21,ATCACG,GTTTCG
B1411,BFL,SPR.30.G3,SPR30,West,Panicum hallii var. hallii,PD20-25,TruSeq_Un4+TSBC03,GGCTAC,GCCTAA
K1310,KINGS,SPR.30.G3,SPR30,West,Panicum hallii var. hallii,PD15-15,TruSeq_Un2+TSBC35,ACTTGA,CATTTT
K2502,KINGS,SPR.30.G3,SPR30,West,Panicum hallii var. hallii,PD23-30,TruSeq_Un4+TSBC22,GGCTAC,CGTACG
K2615,KINGS,SPR.30.G3,SPR30,West,Panicum hallii var. hallii,PD24-30,TruSeq_Un4+TSBC22,GGCTAC,CGTACG
B1410,BFL,STW.12.G1,STW12,CenTex,Panicum hallii var. hallii,PD20-24,TruSeq_Un3+TSBC39,TAGCTT,CTATAC
B1427,BFL,STW.12.G1,STW12,CenTex,Panicum hallii var. hallii,PD20-29,TruSeq_Un4+TSBC21,GGCTAC,GTTTCG
B1731,BFL,STW.12.G1,STW12,CenTex,Panicum hallii var. hallii,PD23-8,TruSeq_Un1+TSBC39,ATCACG,CTATAC
K1307,KINGS,STW.12.G1,STW12,CenTex,Panicum hallii var. hallii,PD12-24,TruSeq_Un3+TSBC39,TAGCTT,CTATAC
K1704,KINGS,STW.12.G1,STW12,CenTex,Panicum hallii var. hallii,PD16-20,TruSeq_Un3+TSBC19,TAGCTT,GTGAAA
K2811,KINGS,STW.12.G1,STW12,CenTex,Panicum hallii var. hallii,PD25-30,TruSeq_Un4+TSBC22,GGCTAC,CGTACG
B1328,BFL,SVN.3.G2,SVN3,West,Panicum hallii var. hallii,PD9-28,TruSeq_Un4+TSBC19,GGCTAC,GTGAAA
B1507,BFL,SVN.3.G2,SVN3,West,Panicum hallii var. hallii,PD9-29,TruSeq_Un4+TSBC21,GGCTAC,GTTTCG
B1522,BFL,SVN.3.G2,SVN3,West,Panicum hallii var. hallii,PD9-30,TruSeq_Un4+TSBC22,GGCTAC,CGTACG
BS1328,BFL_2,SVN.3.G2,SVN3,West,Panicum hallii var. hallii,PD9-6,TruSeq_Un1+TSBC22,ATCACG,CGTACG
BS1507,BFL_2,SVN.3.G2,SVN3,West,Panicum hallii var. hallii,PD9-7,TruSeq_Un1+TSBC35,ATCACG,CATTTT
BS1522,BFL_2,SVN.3.G2,SVN3,West,Panicum hallii var. hallii,PD9-8,TruSeq_Un1+TSBC39,ATCACG,CTATAC
K1106,KINGS,SVN.3.G2,SVN3,West,Panicum hallii var. hallii,PD9-18,TruSeq_Un3+TSBC08,TAGCTT,TCAAGT
K1916,KINGS,SVN.3.G2,SVN3,West,Panicum hallii var. hallii,PD9-19,TruSeq_Un3+TSBC16,TAGCTT,GGACGG
K2806,KINGS,SVN.3.G2,SVN3,West,Panicum hallii var. hallii,PD9-20,TruSeq_Un3+TSBC19,TAGCTT,GTGAAA
B1027,BFL,TEN.1.G1,TEN1,Mexico,Panicum lepidulum,PD18-9,TruSeq_Un2+TSBC16,ACTTGA,GGACGG
B1031,BFL,TEN.1.G1,TEN1,Mexico,Panicum lepidulum,PD18-13,TruSeq_Un2+TSBC35,ACTTGA,CATTTT
B1528,BFL,TEN.1.G1,TEN1,Mexico,Panicum lepidulum,PD21-19,TruSeq_Un3+TSBC16,TAGCTT,GGACGG
K2012,KINGS,TEN.1.G1,TEN1,Mexico,Panicum lepidulum,PD17-15,TruSeq_Un2+TSBC39,ACTTGA,CTATAC
K2505,KINGS,TEN.1.G1,TEN1,Mexico,Panicum lepidulum,PD24-24,TruSeq_Un3+TSBC39,TAGCTT,CTATAC
K2613,KINGS,TEN.1.G1,TEN1,Mexico,Panicum lepidulum,PD24-29,TruSeq_Un4+TSBC21,GGCTAC,GTTTCG
B1028,BFL,TMA.6.G1,TMA6,Mexico,Panicum lepidulum,PD18-10,TruSeq_Un2+TSBC19,ACTTGA,GTGAAA
B1112,BFL,TMA.6.G1,TMA6,Mexico,Panicum lepidulum,PD18-25,TruSeq_Un4+TSBC16,GGCTAC,GGACGG
B1723,BFL,TMA.6.G1,TMA6,Mexico,Panicum lepidulum,PD23-3,TruSeq_Un1+TSBC16,ATCACG,GGACGG
K2215(2),KINGS,TMA.6.G1,TMA6,Mexico,Panicum lepidulum,PD24-22,TruSeq_Un3+TSBC22,TAGCTT,CGTACG
K2215_1,KINGS,TMA.6.G1,TMA6,Mexico,Panicum lepidulum,PD23-14,TruSeq_Un2+TSBC22,ACTTGA,CGTACG
K2316,KINGS,TMA.6.G1,TMA6,Mexico,Panicum lepidulum,PD23-22,TruSeq_Un3+TSBC22,TAGCTT,CGTACG
K2403,KINGS,TMA.6.G1,TMA6,Mexico,Panicum lepidulum,PD23-24,TruSeq_Un3+TSBC39,TAGCTT,CTATAC
B1041,BFL,TNK.2.F,TNK2,West,Panicum hallii var. hallii,PD18-20,TruSeq_Un3+TSBC22,TAGCTT,CGTACG
B1222,BFL,TNK.2.F,TNK2,West,Panicum hallii var. hallii,PD19-17,TruSeq_Un3+TSBC03,TAGCTT,GCCTAA
B1610,BFL,TNK.2.F,TNK2,West,Panicum hallii var. hallii,PD22-2,TruSeq_Un1+TSBC08,ATCACG,TCAAGT
K1909,KINGS,TNK.2.F,TNK2,West,Panicum hallii var. hallii,PD11-17,TruSeq_Un3+TSBC03,TAGCTT,GCCTAA
K2101,KINGS,TNK.2.F,TNK2,West,Panicum hallii var. hallii,PD17-19,TruSeq_Un3+TSBC19,TAGCTT,GTGAAA
K2301,KINGS,TNK.2.F,TNK2,West,Panicum hallii var. hallii,PD23-15,TruSeq_Un2+TSBC35,ACTTGA,CATTTT
B1026,BFL,UVL.1A.G3,UVL1A,Sym,Panicum hallii var. hallii,PD4-24,TruSeq_Un3+TSBC39,TAGCTT,CTATAC
B1221,BFL,UVL.1A.G3,UVL1A,Sym,Panicum hallii var. hallii,PD4-25,TruSeq_Un4+TSBC03,GGCTAC,GCCTAA
B1221,BFL,UVL.1A.G3,UVL1A,Sym,Panicum hallii var. hallii,PD26-7,TruSeq_Un1+TSBC35,ATCACG,CATTTT
B1326,BFL,UVL.1A.G3,UVL1A,Sym,Panicum hallii var. hallii,PD4-26,TruSeq_Un4+TSBC08,GGCTAC,TCAAGT
B1326,BFL,UVL.1A.G3,UVL1A,Sym,Panicum hallii var. hallii,PD20-10,TruSeq_Un2+TSBC08,ACTTGA,TCAAGT
BS1026,BFL_2,UVL.1A.G3,UVL1A,Sym,Panicum hallii var. hallii,PD4-4,TruSeq_Un1+TSBC19,ATCACG,GTGAAA
BS1221,BFL_2,UVL.1A.G3,UVL1A,Sym,Panicum hallii var. hallii,PD4-5,TruSeq_Un1+TSBC21,ATCACG,GTTTCG
BS1326,BFL_2,UVL.1A.G3,UVL1A,Sym,Panicum hallii var. hallii,PD4-6,TruSeq_Un1+TSBC22,ATCACG,CGTACG
K1003,KINGS,UVL.1A.G3,UVL1A,Sym,Panicum hallii var. hallii,PD4-14,TruSeq_Un2+TSBC22,ACTTGA,CGTACG
K1110,KINGS,UVL.1A.G3,UVL1A,Sym,Panicum hallii var. hallii,PD4-15,TruSeq_Un2+TSBC35,ACTTGA,CATTTT
K2412,KINGS,UVL.1A.G3,UVL1A,Sym,Panicum hallii var. hallii,PD4-16,TruSeq_Un2+TSBC39,ACTTGA,CTATAC
B1638,BFL,WBW.16.G4,WBW16,Sym,Panicum hallii var. hallii,PD22-18,TruSeq_Un3+TSBC08,TAGCTT,TCAAGT
B1716,BFL,WBW.16.G4,WBW16,Sym,Panicum hallii var. hallii,PD22-29,TruSeq_Un4+TSBC21,GGCTAC,GTTTCG
B1741,BFL,WBW.16.G4,WBW16,Sym,Panicum hallii var. hallii,PD23-13,TruSeq_Un2+TSBC21,ACTTGA,GTTTCG
K1318,KINGS,WBW.16.G4,WBW16,Sym,Panicum hallii var. hallii,PD12-28,TruSeq_Un4+TSBC19,GGCTAC,GTGAAA
K2311,KINGS,WBW.16.G4,WBW16,Sym,Panicum hallii var. hallii,PD23-19,TruSeq_Un3+TSBC16,TAGCTT,GGACGG
K2315,KINGS,WBW.16.G4,WBW16,Sym,Panicum hallii var. hallii,PD23-21,TruSeq_Un3+TSBC21,TAGCTT,GTTTCG
B1426,BFL,ZAP.1.G1,ZAP1,Coastal,Panicum hallii var. filipes,PD20-28,TruSeq_Un4+TSBC19,GGCTAC,GTGAAA
B1516,BFL,ZAP.1.G1,ZAP1,Coastal,Panicum hallii var. filipes,PD21-11,TruSeq_Un2+TSBC16,ACTTGA,GGACGG
B1535,BFL,ZAP.1.G1,ZAP1,Coastal,Panicum hallii var. filipes,PD21-22,TruSeq_Un3+TSBC22,TAGCTT,CGTACG
K1009,KINGS,ZAP.1.G1,ZAP1,Coastal,Panicum hallii var. filipes,PD12-6,TruSeq_Un1+TSBC22,ATCACG,CGTACG
K1713,KINGS,ZAP.1.G1,ZAP1,Coastal,Panicum hallii var. filipes,PD16-26,TruSeq_Un4+TSBC08,GGCTAC,TCAAGT
K2509,KINGS,ZAP.1.G1,ZAP1,Coastal,Panicum hallii var. filipes,PD24-25,TruSeq_Un4+TSBC03,GGCTAC,GCCTAA
